draw,grid_point_index,grid_point_id,shift_index,centroid_time_shift_s,centroid_time,centroid_lat,centroid_lon,centroid_depth_km,offset_north_m,offset_east_m,on_grid_edge,space_time_cell_weight,space_time_cell_n_draws,dc_percent,clvd_percent,iso_percent,moment_Nm,Mw,NP1_strike_deg,NP1_dip_deg,NP1_rake_deg,NP2_strike_deg,NP2_dip_deg,NP2_rake_deg
1,2282,2282,21,2.2,2026-07-16 09:14:56.528610,-45.03876463848813,167.57115766167544,69.15725759012517,0.0,-8728.196909627743,True,1.0,1000,82.60571383472023,-5.321256082007497,-12.073030083272275,1.0741163504024389e+18,5.987367551697898,289.4148160912398,79.17753118364202,115.62104292613809,40.796642098020314,27.670070050202558,23.849682002246976
2,2282,2282,21,2.2,2026-07-16 09:14:56.528610,-45.03876463848813,167.57115766167544,69.15725759012517,0.0,-8728.196909627743,True,1.0,1000,82.74908785930874,-5.275636837069092,-11.975275303622162,1.0725242189861289e+18,5.98693807193296,289.383440804432,79.16392067916858,115.64233310775427,40.77089040514257,27.69450419344025,23.860549597202635
3,2282,2282,21,2.2,2026-07-16 09:14:56.528610,-45.03876463848813,167.57115766167544,69.15725759012517,0.0,-8728.196909627743,True,1.0,1000,82.56399642269503,-5.356438139936795,-12.079565437368169,1.0746454943534566e+18,5.98751014811345,289.3644226287555,79.17570698400284,115.62681531948189,40.744462306787455,27.676014594442098,23.848888905319104
4,2282,2282,21,2.2,2026-07-16 09:14:56.528610,-45.03876463848813,167.57115766167544,69.15725759012517,0.0,-8728.196909627743,True,1.0,1000,82.49998166965925,-5.403626514723012,-12.096391815617748,1.0743822543858479e+18,5.987439217640518,289.38745206137764,79.17846779392245,115.60578545245114,40.780904875564275,27.655774394657833,23.859574905136462
5,2282,2282,21,2.2,2026-07-16 09:14:56.528610,-45.03876463848813,167.57115766167544,69.15725759012517,0.0,-8728.196909627743,True,1.0,1000,82.5856457511781,-5.287098690839895,-12.127255557982005,1.0744441481465139e+18,5.987455896585948,289.3776234891273,79.1830318839616,115.63501862199796,40.73752112875764,27.68084895497996,23.82788320063055
6,2282,2282,21,2.2,2026-07-16 09:14:56.528610,-45.03876463848813,167.57115766167544,69.15725759012517,0.0,-8728.196909627743,True,1.0,1000,82.56090932432207,-5.342548368875368,-12.096542306802556,1.0747683688545459e+18,5.987543250916503,289.3796898820527,79.16226669381453,115.63071763488263,40.78018801311835,27.684485305722937,23.872819409030065
7,2282,2282,21,2.2,2026-07-16 09:14:56.528610,-45.03876463848813,167.57115766167544,69.15725759012517,0.0,-8728.196909627743,True,1.0,1000,82.66096214887637,-5.306679048691884,-12.032358802431748,1.0738479692506719e+18,5.9872952001212285,289.39546307824156,79.18584980585344,115.6524630089968,40.73519827061499,27.695781714859145,23.80881006354288
8,2282,2282,21,2.2,2026-07-16 09:14:56.528610,-45.03876463848813,167.57115766167544,69.15725759012517,0.0,-8728.196909627743,True,1.0,1000,82.3505740115177,-5.39320986423485,-12.256216124247457,1.076592405623493e+18,5.988034207959605,289.3613700862965,79.1639319876358,115.59209184334607,40.792595141114695,27.64855966100916,23.899313325154303
9,2282,2282,21,2.2,2026-07-16 09:14:56.528610,-45.03876463848813,167.57115766167544,69.15725759012517,0.0,-8728.196909627743,True,1.0,1000,82.5788034603548,-5.352477819913314,-12.068718719731882,1.0745828707211674e+18,5.987493275640587,289.4208522714307,79.19281970088515,115.65074945407318,40.74970626847983,27.691678201799235,23.796158116495246
10,2282,2282,21,2.2,2026-07-16 09:14:56.528610,-45.03876463848813,167.57115766167544,69.15725759012517,0.0,-8728.196909627743,True,1.0,1000,82.49537639924525,-5.392653984919754,-12.111969615835006,1.0752444754475845e+18,5.987671479899,289.37768129880834,79.17706849389718,115.64343071166621,40.74084844666333,27.69071603682815,23.83335875644997
11,2282,2282,21,2.2,2026-07-16 09:14:56.528610,-45.03876463848813,167.57115766167544,69.15725759012517,0.0,-8728.196909627743,True,1.0,1000,82.56966059662214,-5.391034824809044,-12.03930457856881,1.074139925974174e+18,5.98737390645847,289.39887514194055,79.18385938487549,115.65250815745138,40.74210291565221,27.696547385729446,23.812764157974332
12,2282,2282,21,2.2,2026-07-16 09:14:56.528610,-45.03876463848813,167.57115766167544,69.15725759012517,0.0,-8728.196909627743,True,1.0,1000,82.51052185641414,-5.354503340961872,-12.13497480262399,1.0745822853315884e+18,5.987493117916421,289.3974192498727,79.15958794655134,115.62063797264953,40.81145530995481,27.67624619546721,23.88596649199297
13,2282,2282,21,2.2,2026-07-16 09:14:56.528610,-45.03876463848813,167.57115766167544,69.15725759012517,0.0,-8728.196909627743,True,1.0,1000,82.49740609805202,-5.233958579784617,-12.268635322163357,1.0766724540633774e+18,5.988055734709609,289.3540239379363,79.16975811444172,115.62843681895828,40.74321263380201,27.679666698105233,23.85956403982376
14,2282,2282,21,2.2,2026-07-16 09:14:56.528610,-45.03876463848813,167.57115766167544,69.15725759012517,0.0,-8728.196909627743,True,1.0,1000,82.59100988877988,-5.311524148427859,-12.097465962792255,1.0743407753838039e+18,5.9874280394654145,289.39008394552553,79.17308972633347,115.6450959178562,40.758862917782025,27.693688762190884,23.840049725242075
15,2282,2282,21,2.2,2026-07-16 09:14:56.528610,-45.03876463848813,167.57115766167544,69.15725759012517,0.0,-8728.196909627743,True,1.0,1000,82.41026264511211,-5.444587105769419,-12.145150249118464,1.0752590596067528e+18,5.987675406929575,289.4024746814202,79.17011047648731,115.60949575588421,40.807540316621846,27.662216722494758,23.87347276627867
16,2282,2282,21,2.2,2026-07-16 09:14:56.528610,-45.03876463848813,167.57115766167544,69.15725759012517,0.0,-8728.196909627743,True,1.0,1000,82.61623233971771,-5.416657082111208,-11.967110578171091,1.072838808700623e+18,5.987022983484857,289.40102479121674,79.1915942666046,115.63411436472916,40.74650555603128,27.676904090370954,23.81141178029041
17,2282,2282,21,2.2,2026-07-16 09:14:56.528610,-45.03876463848813,167.57115766167544,69.15725759012517,0.0,-8728.196909627743,True,1.0,1000,82.58539842845761,-5.401994478446161,-12.01260709309622,1.0729157432938831e+18,5.98704374526882,289.4222096210249,79.18426291148218,115.61912941523077,40.79374527099122,27.66586615382405,23.837657501357178
18,2282,2282,21,2.2,2026-07-16 09:14:56.528610,-45.03876463848813,167.57115766167544,69.15725759012517,0.0,-8728.196909627743,True,1.0,1000,82.53502483999495,-5.401909908386971,-12.063065251618085,1.0739948263115766e+18,5.987334792845865,289.39632497628645,79.16954857000141,115.63615239726514,40.77916862415545,27.68679946125132,23.854035959548057
19,2282,2282,21,2.2,2026-07-16 09:14:56.528610,-45.03876463848813,167.57115766167544,69.15725759012517,0.0,-8728.196909627743,True,1.0,1000,82.61468841359033,-5.415095156994576,-11.970216429415087,1.0724603726540445e+18,5.986920835998908,289.394228445883,79.17265895861203,115.60402059105726,40.79954032129418,27.65627989100398,23.872589433256177
20,2282,2282,21,2.2,2026-07-16 09:14:56.528610,-45.03876463848813,167.57115766167544,69.15725759012517,0.0,-8728.196909627743,True,1.0,1000,82.55549700398383,-5.300770114602593,-12.143732881413566,1.0749342077576202e+18,5.987587922473346,289.38386909175176,79.16848032596633,115.62675340234378,40.776791967582355,27.67859321942052,23.863423560139296
21,2282,2282,21,2.2,2026-07-16 09:14:56.528610,-45.03876463848813,167.57115766167544,69.15725759012517,0.0,-8728.196909627743,True,1.0,1000,82.58994423445071,-5.366567318061145,-12.043488447488158,1.0741847297938577e+18,5.987385982877556,289.3780094036713,79.18372818217087,115.61506060466624,40.75403701658417,27.6623393791117,23.841867156943042
22,2282,2282,21,2.2,2026-07-16 09:14:56.528610,-45.03876463848813,167.57115766167544,69.15725759012517,0.0,-8728.196909627743,True,1.0,1000,82.62514484301704,-5.256637213668227,-12.118217943314741,1.074139752059763e+18,5.9873738595806065,289.38919221304394,79.16402144576615,115.64291963255856,40.77595257429096,27.695003844627607,23.859895712236217
23,2282,2282,21,2.2,2026-07-16 09:14:56.528610,-45.03876463848813,167.57115766167544,69.15725759012517,0.0,-8728.196909627743,True,1.0,1000,82.61145784752578,-5.396163358865297,-11.992378793608916,1.0735731751365458e+18,5.987221100966907,289.3670225850454,79.1706494918068,115.59039219982746,40.78779349209347,27.644551774860876,23.887151148728332
24,2282,2282,21,2.2,2026-07-16 09:14:56.528610,-45.03876463848813,167.57115766167544,69.15725759012517,0.0,-8728.196909627743,True,1.0,1000,82.52708233312951,-5.351114245579812,-12.121803421290668,1.0747598282562906e+18,5.987540950173053,289.36781765004855,79.15648487274593,115.63103018424458,40.778302798380814,27.686881270972393,23.884164062021362
25,2282,2282,21,2.2,2026-07-16 09:14:56.528610,-45.03876463848813,167.57115766167544,69.15725759012517,0.0,-8728.196909627743,True,1.0,1000,82.62004867693176,-5.347990336033743,-12.031960987034505,1.0735283141847974e+18,5.987209002259946,289.3864995229975,79.17614284329575,115.63886749471348,40.75527799410215,27.686879273128426,23.838728056040626
26,2282,2282,21,2.2,2026-07-16 09:14:56.528610,-45.03876463848813,167.57115766167544,69.15725759012517,0.0,-8728.196909627743,True,1.0,1000,82.60404330520072,-5.363166435304919,-12.032790259494373,1.0740975781542943e+18,5.987362491566363,289.3898926926717,79.17378352175133,115.65506730428132,40.748771678261676,27.70255694052958,23.83098386345027
27,2282,2282,21,2.2,2026-07-16 09:14:56.528610,-45.03876463848813,167.57115766167544,69.15725759012517,0.0,-8728.196909627743,True,1.0,1000,82.65854237427816,-5.374543952097132,-11.966913673624726,1.0730388020263962e+18,5.987076951146769,289.3897161976289,79.17306705168826,115.62885513547607,40.772666886858396,27.678842670105237,23.852608662566137
28,2282,2282,21,2.2,2026-07-16 09:14:56.528610,-45.03876463848813,167.57115766167544,69.15725759012517,0.0,-8728.196909627743,True,1.0,1000,82.63094317262373,-5.2601391570149545,-12.108917670361308,1.0741984912944896e+18,5.987389692050562,289.3723266780103,79.16957277641471,115.61683194667813,40.771953213721595,27.669121572883007,23.868887952122197
29,2282,2282,21,2.2,2026-07-16 09:14:56.528610,-45.03876463848813,167.57115766167544,69.15725759012517,0.0,-8728.196909627743,True,1.0,1000,82.50536818873698,-5.333011588208916,-12.161620223054115,1.0751138677360571e+18,5.987636309197547,289.38392843903904,79.18867655294552,115.63054489013292,40.737693779949105,27.67470077723828,23.82001070391592
30,2282,2282,21,2.2,2026-07-16 09:14:56.528610,-45.03876463848813,167.57115766167544,69.15725759012517,0.0,-8728.196909627743,True,1.0,1000,82.37925092785848,-5.326112905582263,-12.294636166559272,1.0767568950925166e+18,5.988078440986945,289.359337176493,79.14921502023839,115.61051243713533,40.800618748667695,27.670778405682427,23.914579883659485
31,2282,2282,21,2.2,2026-07-16 09:14:56.528610,-45.03876463848813,167.57115766167544,69.15725759012517,0.0,-8728.196909627743,True,1.0,1000,82.52899470214045,-5.361480498105294,-12.109524799754258,1.0746295526145203e+18,5.987505853078084,289.3910815814513,79.17457994576448,115.6159032045812,40.78262517835405,27.66644559135337,23.859564441690505
32,2282,2282,21,2.2,2026-07-16 09:14:56.528610,-45.03876463848813,167.57115766167544,69.15725759012517,0.0,-8728.196909627743,True,1.0,1000,82.57349615019041,-5.305006943283787,-12.121496906525804,1.0747390479453942e+18,5.987535352108961,289.38906152433196,79.17830935899599,115.63634502391113,40.756188828102395,27.683782598399997,23.836328523786637
33,2282,2282,21,2.2,2026-07-16 09:14:56.528610,-45.03876463848813,167.57115766167544,69.15725759012517,0.0,-8728.196909627743,True,1.0,1000,82.65244326142256,-5.3011580866973675,-12.046398651880077,1.073842838759671e+18,5.987293816840839,289.3718298385655,79.18951156518136,115.61399386109088,40.738510739383564,27.659256096209866,23.831088427135064
34,2282,2282,21,2.2,2026-07-16 09:14:56.528610,-45.03876463848813,167.57115766167544,69.15725759012517,0.0,-8728.196909627743,True,1.0,1000,82.61191818972515,-5.386291041574719,-12.001790768700129,1.0734593824481459e+18,5.987190410833512,289.3872105745944,79.18393280782539,115.6420680854488,40.739379909194106,27.68696964186762,23.820649777151896
35,2282,2282,21,2.2,2026-07-16 09:14:56.528610,-45.03876463848813,167.57115766167544,69.15725759012517,0.0,-8728.196909627743,True,1.0,1000,82.49947575497171,-5.375415435501394,-12.125108809526896,1.074703784576712e+18,5.987525852167114,289.3869108675433,79.18148115807612,115.63390996325248,40.75052576793202,27.680399670311363,23.83184591141019
36,2282,2282,21,2.2,2026-07-16 09:14:56.528610,-45.03876463848813,167.57115766167544,69.15725759012517,0.0,-8728.196909627743,True,1.0,1000,82.64490336079864,-5.298445745864458,-12.056650893336919,1.0736824332207137e+18,5.987250565046801,289.3887042347325,79.17009603653956,115.61309925196207,40.79065450191536,27.66551721327348,23.870719768439052
37,2282,2282,21,2.2,2026-07-16 09:14:56.528610,-45.03876463848813,167.57115766167544,69.15725759012517,0.0,-8728.196909627743,True,1.0,1000,82.40215584479844,-5.395466182428821,-12.20237797277273,1.0768441449097505e+18,5.988101900679795,289.3802742312388,79.15099151103102,115.6522035686653,40.78205980719222,27.708246837902678,23.87883854516966
38,2282,2282,21,2.2,2026-07-16 09:14:56.528610,-45.03876463848813,167.57115766167544,69.15725759012517,0.0,-8728.196909627743,True,1.0,1000,82.52664897187897,-5.257481060564991,-12.215869967556024,1.0757590628129554e+18,5.987810009010972,289.35760815306736,79.16487020068737,115.60833488339252,40.772993189851036,27.663068145044207,23.884877608175103
39,2282,2282,21,2.2,2026-07-16 09:14:56.528610,-45.03876463848813,167.57115766167544,69.15725759012517,0.0,-8728.196909627743,True,1.0,1000,82.69555345393384,-5.328830493237063,-11.97561605282909,1.0728961162095862e+18,5.987038448790556,289.37258998759955,79.19223040668119,115.6301585029191,40.72037976262477,27.673053418053467,23.81318144294917
40,2282,2282,21,2.2,2026-07-16 09:14:56.528610,-45.03876463848813,167.57115766167544,69.15725759012517,0.0,-8728.196909627743,True,1.0,1000,82.57064267087831,-5.3002902864318555,-12.129067042689828,1.0744784718268123e+18,5.987465145614471,289.39965601825634,79.1687644849182,115.6262005012315,40.79255602085342,27.67798393394453,23.863280404854105
41,2282,2282,21,2.2,2026-07-16 09:14:56.528610,-45.03876463848813,167.57115766167544,69.15725759012517,0.0,-8728.196909627743,True,1.0,1000,82.49294452642033,-5.380440702666987,-12.126614770912685,1.0751202678424929e+18,5.98763803274995,289.3625130640876,79.17137761416639,115.584327967695,40.787283043904466,27.63874110065568,23.890379327264792
42,2282,2282,21,2.2,2026-07-16 09:14:56.528610,-45.03876463848813,167.57115766167544,69.15725759012517,0.0,-8728.196909627743,True,1.0,1000,82.50029719477898,-5.462154188489439,-12.03754861673159,1.0743949463272481e+18,5.987442637905224,289.35995455088556,79.16858958259323,115.6414059099114,40.73992792238436,27.6919538738188,23.851909337851552
43,2282,2282,21,2.2,2026-07-16 09:14:56.528610,-45.03876463848813,167.57115766167544,69.15725759012517,0.0,-8728.196909627743,True,1.0,1000,82.60158066651294,-5.3062842410880435,-12.092135092399023,1.0746712484651517e+18,5.987517086671098,289.3783661221498,79.17268033427044,115.61957753494661,40.77008244635651,27.670498765275827,23.860538742951825
44,2282,2282,21,2.2,2026-07-16 09:14:56.528610,-45.03876463848813,167.57115766167544,69.15725759012517,0.0,-8728.196909627743,True,1.0,1000,82.58837857076443,-5.336416952036293,-12.07520447719928,1.07488026290597e+18,5.987573392257382,289.3872796056588,79.179943831489,115.66258139797043,40.72870459145175,27.707188109358903,23.81286340884375
45,2282,2282,21,2.2,2026-07-16 09:14:56.528610,-45.03876463848813,167.57115766167544,69.15725759012517,0.0,-8728.196909627743,True,1.0,1000,82.4120854068819,-5.3814240602057275,-12.206490532912389,1.0760149305546348e+18,5.987878865033443,289.36551612894687,79.15416026409724,115.63397585788303,40.77755856168714,27.690423290873365,23.886548634421118
46,2282,2282,21,2.2,2026-07-16 09:14:56.528610,-45.03876463848813,167.57115766167544,69.15725759012517,0.0,-8728.196909627743,True,1.0,1000,82.44205951457754,-5.3776252491566305,-12.180315236265818,1.0758682436269532e+18,5.987839392430023,289.3810773646362,79.16972292212127,115.63678456658316,40.76306140068958,27.687314064482845,23.85319933934727
47,2282,2282,21,2.2,2026-07-16 09:14:56.528610,-45.03876463848813,167.57115766167544,69.15725759012517,0.0,-8728.196909627743,True,1.0,1000,82.49775767924892,-5.402167768048632,-12.10007455270245,1.0742711104664133e+18,5.9874092644976225,289.3768800675038,79.18128613871572,115.59927921512983,40.77099501306833,27.648796104743884,23.85894352919673
48,2282,2282,21,2.2,2026-07-16 09:14:56.528610,-45.03876463848813,167.57115766167544,69.15725759012517,0.0,-8728.196909627743,True,1.0,1000,82.6574124845418,-5.32273657026275,-12.019850945195461,1.0732900346860897e+18,5.987144731352928,289.38534062967045,79.16535006701936,115.6399296309201,40.77234636929819,27.69178487295272,23.859538037390507
49,2282,2282,21,2.2,2026-07-16 09:14:56.528610,-45.03876463848813,167.57115766167544,69.15725759012517,0.0,-8728.196909627743,True,1.0,1000,82.56366195374244,-5.289898301840635,-12.146439744416929,1.0749984456940032e+18,5.987605224213017,289.3656207611766,79.17355536249183,115.63260293698242,40.74444241257996,27.68209239675373,23.848740956395304
50,2282,2282,21,2.2,2026-07-16 09:14:56.528610,-45.03876463848813,167.57115766167544,69.15725759012517,0.0,-8728.196909627743,True,1.0,1000,82.70068243504983,-5.29449237125466,-12.004825193695515,1.0731990460348436e+18,5.9871201853042,289.38240813796233,79.18105431791611,115.63022046537499,40.74999036903985,27.677180310154796,23.835543890111598
51,2282,2282,21,2.2,2026-07-16 09:14:56.528610,-45.03876463848813,167.57115766167544,69.15725759012517,0.0,-8728.196909627743,True,1.0,1000,82.58480601646583,-5.3830727588055005,-12.03212122472868,1.0736943636937871e+18,5.9872537822052925,289.3941429856969,79.17730771070298,115.63558255860018,40.76371150087527,27.683450138560495,23.838923646074484
52,2282,2282,21,2.2,2026-07-16 09:14:56.528610,-45.03876463848813,167.57115766167544,69.15725759012517,0.0,-8728.196909627743,True,1.0,1000,82.53128427355655,-5.363346325337742,-12.105369401105706,1.0743928788886968e+18,5.987442080768067,289.3852379273288,79.18165869645902,115.61741542687139,40.762891539179215,27.665247560498923,23.844202007557307
53,2282,2282,21,2.2,2026-07-16 09:14:56.528610,-45.03876463848813,167.57115766167544,69.15725759012517,0.0,-8728.196909627743,True,1.0,1000,82.58014549030605,-5.324079790956456,-12.09577471873749,1.0735900597849001e+18,5.987225654515819,289.3939173397327,79.18755791197769,115.61529953640212,40.76293300110452,27.661162258852645,23.83400095853707
54,2282,2282,21,2.2,2026-07-16 09:14:56.528610,-45.03876463848813,167.57115766167544,69.15725759012517,0.0,-8728.196909627743,True,1.0,1000,82.50110758484576,-5.418140769986838,-12.080751645167402,1.074213723961356e+18,5.9873937976954155,289.4054824335713,79.17723896093915,115.63489307989848,40.775772807717985,27.68284453574232,23.839592617992064
55,2282,2282,21,2.2,2026-07-16 09:14:56.528610,-45.03876463848813,167.57115766167544,69.15725759012517,0.0,-8728.196909627743,True,1.0,1000,82.62558046006714,-5.42847752011139,-11.945942019821478,1.0732403858003325e+18,5.987131337808994,289.3655608917038,79.16105867902904,115.61277290415156,40.7838438603612,27.668517809772613,23.889091759695603
56,2282,2282,21,2.2,2026-07-16 09:14:56.528610,-45.03876463848813,167.57115766167544,69.15725759012517,0.0,-8728.196909627743,True,1.0,1000,82.49887374718972,-5.3308269264173935,-12.170299326392888,1.0752233776080038e+18,5.987665798855969,289.36649077520207,79.15847942797893,115.63048937759297,40.77390817338634,27.685658711958542,23.88058476950438
57,2282,2282,21,2.2,2026-07-16 09:14:56.528610,-45.03876463848813,167.57115766167544,69.15725759012517,0.0,-8728.196909627743,True,1.0,1000,82.65484078018193,-5.379169036839559,-11.965990182978508,1.0726123363916175e+18,5.986961858392546,289.38483948956457,79.17487650596492,115.62632070969092,40.76678421289438,27.67586498610305,23.85093517697564
58,2282,2282,21,2.2,2026-07-16 09:14:56.528610,-45.03876463848813,167.57115766167544,69.15725759012517,0.0,-8728.196909627743,True,1.0,1000,82.57850649690647,-5.331302301891991,-12.09019120120154,1.0740747196387251e+18,5.98735632984635,289.3749506751091,79.18057321394043,115.63118692917179,40.742546265200694,27.678239632938322,23.83576383115948
59,2282,2282,21,2.2,2026-07-16 09:14:56.528610,-45.03876463848813,167.57115766167544,69.15725759012517,0.0,-8728.196909627743,True,1.0,1000,82.73872377634689,-5.409340959622028,-11.851935264031093,1.0715741820207311e+18,5.986681494256934,289.3992653689232,79.18591215322614,115.63809813209652,40.75137206998502,27.68261718205016,23.819737818579664
60,2282,2282,21,2.2,2026-07-16 09:14:56.528610,-45.03876463848813,167.57115766167544,69.15725759012517,0.0,-8728.196909627743,True,1.0,1000,82.69531790714818,-5.409263146865278,-11.895418945986536,1.0722115763617925e+18,5.986853661245289,289.42249871360826,79.19265455625495,115.61207444001279,40.78526505001215,27.656355288646353,23.826262471223597
61,2282,2282,21,2.2,2026-07-16 09:14:56.528610,-45.03876463848813,167.57115766167544,69.15725759012517,0.0,-8728.196909627743,True,1.0,1000,82.50107522884306,-5.3166123910466485,-12.182312380110275,1.0753634803798223e+18,5.9877035224262025,289.3850492714146,79.18917357701112,115.6209889558174,40.74624349108347,27.665778035356865,23.826375020068422
62,2282,2282,21,2.2,2026-07-16 09:14:56.528610,-45.03876463848813,167.57115766167544,69.15725759012517,0.0,-8728.196909627743,True,1.0,1000,82.51555040411738,-5.408547503816996,-12.075902092065611,1.0743590500045855e+18,5.987432964345644,289.37004368673337,79.1734782830271,115.64817468448439,40.73545599793803,27.696363307005612,23.836900594189665
63,2282,2282,21,2.2,2026-07-16 09:14:56.528610,-45.03876463848813,167.57115766167544,69.15725759012517,0.0,-8728.196909627743,True,1.0,1000,82.64715849040101,-5.443779476859445,-11.909062032739536,1.0723259633577029e+18,5.986884547556987,289.3809115391475,79.19216915367464,115.57796159057281,40.77426074484948,27.625329942615945,23.853564711039773
64,2282,2282,21,2.2,2026-07-16 09:14:56.528610,-45.03876463848813,167.57115766167544,69.15725759012517,0.0,-8728.196909627743,True,1.0,1000,82.6088345077376,-5.341944828615283,-12.049220663647104,1.073916604800552e+18,5.987313704967893,289.3935926064049,79.1687106793993,115.62546264867129,40.787230767266735,27.677328786143757,23.86395736970833
65,2282,2282,21,2.2,2026-07-16 09:14:56.528610,-45.03876463848813,167.57115766167544,69.15725759012517,0.0,-8728.196909627743,True,1.0,1000,82.57411841115338,-5.501109303285156,-11.924772285561453,1.0729726097149164e+18,5.9870590904429735,289.3765734360967,79.16935881398676,115.61193048586996,40.780851715957006,27.664717464934917,23.873100323050767
66,2282,2282,21,2.2,2026-07-16 09:14:56.528610,-45.03876463848813,167.57115766167544,69.15725759012517,0.0,-8728.196909627743,True,1.0,1000,82.57342962130015,-5.331596959917417,-12.09497341878243,1.0746436687527619e+18,5.9875096562619605,289.34496121979106,79.17581717634536,115.59304675742975,40.754231074772925,27.645092242879283,23.874730837397557
67,2282,2282,21,2.2,2026-07-16 09:14:56.528610,-45.03876463848813,167.57115766167544,69.15725759012517,0.0,-8728.196909627743,True,1.0,1000,82.47623275244106,-5.453695068617068,-12.070072178941876,1.0743032881027036e+18,5.987417936647799,289.3811483600435,79.18917498096263,115.61767301647214,40.74522534408433,27.662744219321898,23.828927629576263
68,2282,2282,21,2.2,2026-07-16 09:14:56.528610,-45.03876463848813,167.57115766167544,69.15725759012517,0.0,-8728.196909627743,True,1.0,1000,82.41724892230127,-5.297409927364102,-12.28534115033462,1.0768432473191846e+18,5.9881016593457135,289.40208736694666,79.15892800254447,115.67336884800103,40.771396976863656,27.724708872913684,23.84665178800267
69,2282,2282,21,2.2,2026-07-16 09:14:56.528610,-45.03876463848813,167.57115766167544,69.15725759012517,0.0,-8728.196909627743,True,1.0,1000,82.78125347685715,-5.445071038075313,-11.773675485067534,1.070469854572561e+18,5.986382961110555,289.42833436366703,79.18907861988596,115.61639310452478,40.79369638404544,27.661608522426352,23.8301074487224
70,2282,2282,21,2.2,2026-07-16 09:14:56.528610,-45.03876463848813,167.57115766167544,69.15725759012517,0.0,-8728.196909627743,True,1.0,1000,82.5984266601622,-5.258537258227436,-12.14303608161037,1.0745967966503892e+18,5.987497027741484,289.3394135774963,79.15592776049334,115.60286173734522,40.77545525898021,27.66133076818,23.90703788963993
71,2282,2282,21,2.2,2026-07-16 09:14:56.528610,-45.03876463848813,167.57115766167544,69.15725759012517,0.0,-8728.196909627743,True,1.0,1000,82.5221775878467,-5.358301525789793,-12.119520886363517,1.0746624947812828e+18,5.987514728311376,289.3924647260601,79.18519574380223,115.5883561205018,40.78915235280296,27.63738024451037,23.859533647279385
72,2282,2282,21,2.2,2026-07-16 09:14:56.528610,-45.03876463848813,167.57115766167544,69.15725759012517,0.0,-8728.196909627743,True,1.0,1000,82.55839078503259,-5.268275913450523,-12.173333301516893,1.0750072186712517e+18,5.987607587031975,289.39350441415917,79.16395951276542,115.65650616942719,40.768554623233875,27.70745231418393,23.849554543571383
73,2282,2282,21,2.2,2026-07-16 09:14:56.528610,-45.03876463848813,167.57115766167544,69.15725759012517,0.0,-8728.196909627743,True,1.0,1000,82.66932431478851,-5.3691481776535515,-11.961527507557946,1.0722466307802866e+18,5.98686312684704,289.38419156424123,79.1798588218778,115.65616033640708,40.73134428927964,27.701344735515864,23.817971325260327
74,2282,2282,21,2.2,2026-07-16 09:14:56.528610,-45.03876463848813,167.57115766167544,69.15725759012517,0.0,-8728.196909627743,True,1.0,1000,82.42293545607475,-5.341816308276355,-12.235248235648875,1.0760893416626619e+18,5.9878988865748655,289.38403069385635,79.16788312194929,115.63584546019598,40.77009696188671,27.687126009629065,23.85761014759014
75,2282,2282,21,2.2,2026-07-16 09:14:56.528610,-45.03876463848813,167.57115766167544,69.15725759012517,0.0,-8728.196909627743,True,1.0,1000,82.55131542570473,-5.407201584513627,-12.041482989781658,1.0735365368656522e+18,5.9872112199013445,289.41991381606556,79.1900657856812,115.64378509173989,40.759704675185326,27.686308069351494,23.807034496927184
76,2282,2282,21,2.2,2026-07-16 09:14:56.528610,-45.03876463848813,167.57115766167544,69.15725759012517,0.0,-8728.196909627743,True,1.0,1000,82.5321861338022,-5.538953661625397,-11.9288602045724,1.0728617684364413e+18,5.987029179619072,289.37126120346323,79.179486563473,115.63726852147697,40.73549569364478,27.68419845696603,23.833257534269947
77,2282,2282,21,2.2,2026-07-16 09:14:56.528610,-45.03876463848813,167.57115766167544,69.15725759012517,0.0,-8728.196909627743,True,1.0,1000,82.55995510220902,-5.390074957287031,-12.049969940503953,1.0738091767709471e+18,5.987284740748533,289.41057546660306,79.18110297051804,115.63300216293909,40.77565140800433,27.679707050765092,23.8333033527467
78,2282,2282,21,2.2,2026-07-16 09:14:56.528610,-45.03876463848813,167.57115766167544,69.15725759012517,0.0,-8728.196909627743,True,1.0,1000,82.62774823189332,-5.188061584402746,-12.18419018370392,1.0753485526000311e+18,5.9876995032596545,289.3876128409243,79.17318360266003,115.64522371398346,40.756114110401114,27.693771449097266,23.839763205507687
79,2282,2282,21,2.2,2026-07-16 09:14:56.528610,-45.03876463848813,167.57115766167544,69.15725759012517,0.0,-8728.196909627743,True,1.0,1000,82.51229619046534,-5.392255949438836,-12.095447860095826,1.0752063089435355e+18,5.987661202672647,289.36998409593974,79.16870978047154,115.61392914680769,40.77367291474974,27.66678198954424,23.872858824505023
80,2282,2282,21,2.2,2026-07-16 09:14:56.528610,-45.03876463848813,167.57115766167544,69.15725759012517,0.0,-8728.196909627743,True,1.0,1000,82.65218967959783,-5.440327772692183,-11.907482547709993,1.0727806075600599e+18,5.987007276173485,289.38936374308304,79.17945749017126,115.57884161540535,40.80455628661384,27.630773793542346,23.878405605110363
81,2282,2282,21,2.2,2026-07-16 09:14:56.528610,-45.03876463848813,167.57115766167544,69.15725759012517,0.0,-8728.196909627743,True,1.0,1000,82.55594269414034,-5.304056497820107,-12.140000808039543,1.0747345484360812e+18,5.9875341399597355,289.3635795465344,79.1622429250104,115.59394105076132,40.79619129895509,27.650867478096732,23.901271297858635
82,2282,2282,21,2.2,2026-07-16 09:14:56.528610,-45.03876463848813,167.57115766167544,69.15725759012517,0.0,-8728.196909627743,True,1.0,1000,82.5530901485795,-5.381296550403792,-12.0656133010167,1.0745840810634299e+18,5.987493601748317,289.37793825168745,79.1747090492689,115.62040687786313,40.765329744790805,27.670517353711745,23.855831313595697
83,2282,2282,21,2.2,2026-07-16 09:14:56.528610,-45.03876463848813,167.57115766167544,69.15725759012517,0.0,-8728.196909627743,True,1.0,1000,82.49899384065364,-5.326705234811752,-12.17430092453461,1.0755669272852477e+18,5.987758293061481,289.40740516589074,79.16146193758166,115.64481036097116,40.79706001528918,27.697666376435347,23.863566253508377
84,2282,2282,21,2.2,2026-07-16 09:14:56.528610,-45.03876463848813,167.57115766167544,69.15725759012517,0.0,-8728.196909627743,True,1.0,1000,82.58849581005958,-5.331327226876618,-12.080176963063806,1.0742495625501326e+18,5.987403457003345,289.4029297378374,79.18248046512602,115.65368109255323,40.74758519361364,27.698122340314516,23.81462521313141
85,2282,2282,21,2.2,2026-07-16 09:14:56.528610,-45.03876463848813,167.57115766167544,69.15725759012517,0.0,-8728.196909627743,True,1.0,1000,82.51630974795918,-5.471793750540288,-12.011896501500527,1.0734375408865887e+18,5.987184519745118,289.4071099428191,79.1663688717317,115.64151726855859,40.79092637298986,27.69286535246746,23.85627318064025
86,2282,2282,21,2.2,2026-07-16 09:14:56.528610,-45.03876463848813,167.57115766167544,69.15725759012517,0.0,-8728.196909627743,True,1.0,1000,82.62481992119594,-5.257471817191656,-12.117708261612412,1.0737527600041787e+18,5.987269528775625,289.40521840163694,79.17742608709278,115.64373550300665,40.7674859591171,27.690864577193064,23.83240744147421
87,2282,2282,21,2.2,2026-07-16 09:14:56.528610,-45.03876463848813,167.57115766167544,69.15725759012517,0.0,-8728.196909627743,True,1.0,1000,82.55408826794556,-5.362327974279633,-12.083583757774807,1.0748074395735163e+18,5.987553775906343,289.400834553611,79.18186682440603,115.62406481092872,40.772330379185306,27.671253681791104,23.838658360467033
88,2282,2282,21,2.2,2026-07-16 09:14:56.528610,-45.03876463848813,167.57115766167544,69.15725759012517,0.0,-8728.196909627743,True,1.0,1000,82.53845622000313,-5.435226072586755,-12.026317707410108,1.0736128956746217e+18,5.987231812915749,289.3951275595754,79.1903031021733,115.60541151307197,40.76787345560909,27.651117202616067,23.836118405938958
89,2282,2282,21,2.2,2026-07-16 09:14:56.528610,-45.03876463848813,167.57115766167544,69.15725759012517,0.0,-8728.196909627743,True,1.0,1000,82.50148179595604,-5.414173360894968,-12.084344843149001,1.0745336209998646e+18,5.987480005764474,289.37615659289037,79.17965961439629,115.59607228124844,40.77595822069561,27.646456688043177,23.86468363409515
90,2282,2282,21,2.2,2026-07-16 09:14:56.528610,-45.03876463848813,167.57115766167544,69.15725759012517,0.0,-8728.196909627743,True,1.0,1000,82.52981243128767,-5.325203221611905,-12.14498434710042,1.0744876429684444e+18,5.9874676168656,289.38200974218387,79.17511265896925,115.610226143113,40.77755347953353,27.66105944113907,23.86287702886392
91,2282,2282,21,2.2,2026-07-16 09:14:56.528610,-45.03876463848813,167.57115766167544,69.15725759012517,0.0,-8728.196909627743,True,1.0,1000,82.56564971152935,-5.340693549547087,-12.093656738923555,1.0741955667128246e+18,5.9873889037844465,289.37733725844845,79.1750518694736,115.65990770964812,40.7297605899977,27.70652288974668,23.824719123938696
92,2282,2282,21,2.2,2026-07-16 09:14:56.528610,-45.03876463848813,167.57115766167544,69.15725759012517,0.0,-8728.196909627743,True,1.0,1000,82.55369012891796,-5.361262175951535,-12.085047695130505,1.0740927822493e+18,5.98736119879758,289.4044233752309,79.17771930108994,115.61599654148219,40.79030985114996,27.665386051589234,23.85319684059707
93,2282,2282,21,2.2,2026-07-16 09:14:56.528610,-45.03876463848813,167.57115766167544,69.15725759012517,0.0,-8728.196909627743,True,1.0,1000,82.56710471383649,-5.332928903041608,-12.099966383121897,1.074542387427492e+18,5.987482367840783,289.3743788894538,79.18625347822649,115.6282569619518,40.73443707757964,27.67349021807211,23.826631769930387
94,2282,2282,21,2.2,2026-07-16 09:14:56.528610,-45.03876463848813,167.57115766167544,69.15725759012517,0.0,-8728.196909627743,True,1.0,1000,82.60624714283072,-5.417037455216664,-11.976715401952616,1.0736615480103708e+18,5.987244933077457,289.3848462436467,79.18423294443058,115.62535872309124,40.75101405539859,27.671575089123067,23.83291644894859
95,2282,2282,21,2.2,2026-07-16 09:14:56.528610,-45.03876463848813,167.57115766167544,69.15725759012517,0.0,-8728.196909627743,True,1.0,1000,82.66731213686468,-5.211155434727546,-12.121532428407777,1.0741940597387302e+18,5.987388497607015,289.34506735206526,79.17057782927036,115.61315517297896,40.746113225896444,27.665392544344087,23.869710495689517
96,2282,2282,21,2.2,2026-07-16 09:14:56.528610,-45.03876463848813,167.57115766167544,69.15725759012517,0.0,-8728.196909627743,True,1.0,1000,82.64411573362227,-5.293703359335198,-12.06218090704254,1.0734501355440704e+18,5.987187916780621,289.3732727982865,79.16610540379708,115.57817939514021,40.81278528461734,27.63504611948279,23.90571627978348
97,2282,2282,21,2.2,2026-07-16 09:14:56.528610,-45.03876463848813,167.57115766167544,69.15725759012517,0.0,-8728.196909627743,True,1.0,1000,82.69040986053786,-5.273432682872845,-12.036157456589308,1.0735035663709714e+18,5.987202327719104,289.36778691778716,79.17392304161129,115.59494430288656,40.7787680347252,27.64751884199795,23.877064972233846
98,2282,2282,21,2.2,2026-07-16 09:14:56.528610,-45.03876463848813,167.57115766167544,69.15725759012517,0.0,-8728.196909627743,True,1.0,1000,82.50563060190693,-5.2660398909271136,-12.228329507165949,1.0755117072667018e+18,5.987743428116382,289.3818825654687,79.16890306590686,115.63363782131883,40.76806059450966,27.68473507937138,23.857267851925382
99,2282,2282,21,2.2,2026-07-16 09:14:56.528610,-45.03876463848813,167.57115766167544,69.15725759012517,0.0,-8728.196909627743,True,1.0,1000,82.66209559422488,-5.339303218731338,-11.998601187043784,1.0733410419586088e+18,5.987158490697195,289.3681439155183,79.17974913930904,115.6196008316336,40.747286502890425,27.66794250292948,23.846346388979196
100,2282,2282,21,2.2,2026-07-16 09:14:56.528610,-45.03876463848813,167.57115766167544,69.15725759012517,0.0,-8728.196909627743,True,1.0,1000,82.63200947674878,-5.275651723573703,-12.092338799677517,1.0742094842915044e+18,5.987392654987457,289.3860205323513,79.18788815001128,115.62487829907171,40.74611446788395,27.669804110716374,23.82595642679319
101,2282,2282,21,2.2,2026-07-16 09:14:56.528610,-45.03876463848813,167.57115766167544,69.15725759012517,0.0,-8728.196909627743,True,1.0,1000,82.52122291414967,-5.307183386758943,-12.171593699091384,1.07565474721344e+18,5.987781932162734,289.3857347392359,79.17114872114145,115.61582124050388,40.783443421368624,27.66762230853493,23.866508056711954
102,2282,2282,21,2.2,2026-07-16 09:14:56.528610,-45.03876463848813,167.57115766167544,69.15725759012517,0.0,-8728.196909627743,True,1.0,1000,82.65722189407326,-5.2709416834065514,-12.071836422520198,1.0740579412433459e+18,5.98735180699438,289.3847791091265,79.18930047671107,115.63190235245136,40.736256148848945,27.675715445243952,23.81771430139786
103,2282,2282,21,2.2,2026-07-16 09:14:56.528610,-45.03876463848813,167.57115766167544,69.15725759012517,0.0,-8728.196909627743,True,1.0,1000,82.68173974165319,-5.327622939522956,-11.990637318823852,1.0730911588608756e+18,5.987091077836657,289.3488862260015,79.1708931826437,115.58939378286364,40.77009538082885,27.643549878269948,23.88743411269283
104,2282,2282,21,2.2,2026-07-16 09:14:56.528610,-45.03876463848813,167.57115766167544,69.15725759012517,0.0,-8728.196909627743,True,1.0,1000,82.4571188425962,-5.390127150041811,-12.152754007362002,1.075415831558003e+18,5.987717617055488,289.3786203650093,79.16428924993862,115.64224339534931,40.76549421205479,27.694287742278764,23.859880302943093
105,2282,2282,21,2.2,2026-07-16 09:14:56.528610,-45.03876463848813,167.57115766167544,69.15725759012517,0.0,-8728.196909627743,True,1.0,1000,82.57404286921374,-5.2964691907095744,-12.1294879400767,1.0747104885360146e+18,5.987527658235906,289.3855752377791,79.16055520776378,115.65589917841223,40.76718946211254,27.70813812266643,23.856839828170298
106,2282,2282,21,2.2,2026-07-16 09:14:56.528610,-45.03876463848813,167.57115766167544,69.15725759012517,0.0,-8728.196909627743,True,1.0,1000,82.59167440004488,-5.35530667186972,-12.05301892808538,1.0737460314415516e+18,5.987267714461763,289.3973691498403,79.18654554647117,115.60771777024618,40.77478479705121,27.65459622409759,23.841878733045924
107,2282,2282,21,2.2,2026-07-16 09:14:56.528610,-45.03876463848813,167.57115766167544,69.15725759012517,0.0,-8728.196909627743,True,1.0,1000,82.5985479503458,-5.40987429919812,-11.991577750456074,1.0729052747096123e+18,5.987040920274972,289.3824789558178,79.18352043459767,115.61201101066425,40.76153108770336,27.659625779821777,23.84463581257604
108,2282,2282,21,2.2,2026-07-16 09:14:56.528610,-45.03876463848813,167.57115766167544,69.15725759012517,0.0,-8728.196909627743,True,1.0,1000,82.54759697337359,-5.366316379406424,-12.08608664721999,1.0742046879401609e+18,5.987391362233047,289.41362605524796,79.18819413154063,115.61981219295893,40.777584108152,27.66505835662931,23.829246394287757
109,2282,2282,21,2.2,2026-07-16 09:14:56.528610,-45.03876463848813,167.57115766167544,69.15725759012517,0.0,-8728.196909627743,True,1.0,1000,82.37750124054844,-5.404456230078677,-12.218042529372877,1.076067260144633e+18,5.987892945321071,289.3770146924808,79.15463667544157,115.64634477381242,40.77743829872704,27.70155937631571,23.876054869948522
110,2282,2282,21,2.2,2026-07-16 09:14:56.528610,-45.03876463848813,167.57115766167544,69.15725759012517,0.0,-8728.196909627743,True,1.0,1000,82.74782713627924,-5.400614556727182,-11.851558306993567,1.0711476993268744e+18,5.986566239552389,289.3890528237107,79.18190519291572,115.6410587139819,40.74569850598537,27.68678459893198,23.825491013079578
111,2282,2282,21,2.2,2026-07-16 09:14:56.528610,-45.03876463848813,167.57115766167544,69.15725759012517,0.0,-8728.196909627743,True,1.0,1000,82.6669987456455,-5.354118208628972,-11.978883045725526,1.0728523939561057e+18,5.9870266497480396,289.39131077377357,79.16733565087372,115.6314347658016,40.782188643963174,27.683291920814767,23.862107731016348
112,2282,2282,21,2.2,2026-07-16 09:14:56.528610,-45.03876463848813,167.57115766167544,69.15725759012517,0.0,-8728.196909627743,True,1.0,1000,82.6051850391219,-5.288578994465105,-12.106235966413003,1.073836291319064e+18,5.987292051513617,289.3890445595265,79.18433119440802,115.62463337425942,40.75566901047483,27.670875797915645,23.833278369867
113,2282,2282,21,2.2,2026-07-16 09:14:56.528610,-45.03876463848813,167.57115766167544,69.15725759012517,0.0,-8728.196909627743,True,1.0,1000,82.67484291422066,-5.342862095010265,-11.982294990769079,1.0729431832809024e+18,5.987051149940084,289.39959745167647,79.18221871197751,115.64016505387035,40.7564636058922,27.685852921208085,23.82555057450183
114,2282,2282,21,2.2,2026-07-16 09:14:56.528610,-45.03876463848813,167.57115766167544,69.15725759012517,0.0,-8728.196909627743,True,1.0,1000,82.47669610455048,-5.34409011487776,-12.179213780571756,1.0754226487603016e+18,5.987719452416205,289.36918899120315,79.15892877060647,115.60281360499881,40.799943044654626,27.660190136941367,23.901057747517978
115,2282,2282,21,2.2,2026-07-16 09:14:56.528610,-45.03876463848813,167.57115766167544,69.15725759012517,0.0,-8728.196909627743,True,1.0,1000,82.61301428465387,-5.354890661720853,-12.032095053625268,1.0737488502570811e+18,5.987268474538717,289.3975731250296,79.18749134028278,115.64322648726086,40.742419266217475,27.686733949258787,23.812625107918382
116,2282,2282,21,2.2,2026-07-16 09:14:56.528610,-45.03876463848813,167.57115766167544,69.15725759012517,0.0,-8728.196909627743,True,1.0,1000,82.55352614585725,-5.35458901238619,-12.091884841756551,1.0741808845899008e+18,5.987384946461254,289.4048368115982,79.17088849102912,115.65475248522381,40.7691241985099,27.70332349121503,23.837025701544942
117,2282,2282,21,2.2,2026-07-16 09:14:56.528610,-45.03876463848813,167.57115766167544,69.15725759012517,0.0,-8728.196909627743,True,1.0,1000,82.51510256727882,-5.3821295276220384,-12.102767905099144,1.0741051518421092e+18,5.987364533093623,289.3870249180269,79.16743758032656,115.62745529638413,40.7811874099276,27.67961547064502,23.864972318718895
118,2282,2282,21,2.2,2026-07-16 09:14:56.528610,-45.03876463848813,167.57115766167544,69.15725759012517,0.0,-8728.196909627743,True,1.0,1000,82.70548519738303,-5.357002586885164,-11.937512215731813,1.0723667844581097e+18,5.986895569106918,289.42134326747043,79.18806122996816,115.68307254336236,40.7305967869323,27.722985134615517,23.780866221565645
119,2282,2282,21,2.2,2026-07-16 09:14:56.528610,-45.03876463848813,167.57115766167544,69.15725759012517,0.0,-8728.196909627743,True,1.0,1000,82.57963750817912,-5.329235733774509,-12.091126758046373,1.0739435491467727e+18,5.987320969116111,289.3694396151539,79.16223069884418,115.58310990117711,40.81153222551574,27.64096994440423,23.909675025733666
120,2282,2282,21,2.2,2026-07-16 09:14:56.528610,-45.03876463848813,167.57115766167544,69.15725759012517,0.0,-8728.196909627743,True,1.0,1000,82.60240786740059,-5.3438682313544055,-12.053723901245005,1.0742576930757094e+18,5.987405648318506,289.3873735115642,79.16321878244791,115.62558474693031,40.79065367315106,27.679444169548994,23.874871202319166
121,2282,2282,21,2.2,2026-07-16 09:14:56.528610,-45.03876463848813,167.57115766167544,69.15725759012517,0.0,-8728.196909627743,True,1.0,1000,82.40316989875409,-5.45764124028074,-12.139188860965165,1.0759727460568408e+18,5.987867513980453,289.3615773071557,79.16530913166534,115.58334126361451,40.79799619686335,27.640056245641606,23.90331947999529
122,2282,2282,21,2.2,2026-07-16 09:14:56.528610,-45.03876463848813,167.57115766167544,69.15725759012517,0.0,-8728.196909627743,True,1.0,1000,82.56528946173839,-5.348989820504705,-12.085720717756903,1.0740196808529487e+18,5.987341493104878,289.3713054993055,79.17223553383303,115.63788580431257,40.74787232270776,27.687405314955992,23.847315278342823
123,2282,2282,21,2.2,2026-07-16 09:14:56.528610,-45.03876463848813,167.57115766167544,69.15725759012517,0.0,-8728.196909627743,True,1.0,1000,82.72798922503637,-5.373834130640982,-11.898176644322644,1.0718432694425298e+18,5.986754190118067,289.42374178797826,79.18221013332412,115.65808151323738,40.765054704749616,27.702246525710468,23.811782799640934
124,2282,2282,21,2.2,2026-07-16 09:14:56.528610,-45.03876463848813,167.57115766167544,69.15725759012517,0.0,-8728.196909627743,True,1.0,1000,82.52841781041563,-5.409981567309188,-12.0616006222752,1.0741804173860063e+18,5.987384820533291,289.3870797589882,79.17769387863616,115.59621214170801,40.79025330087258,27.647301887890784,23.868519804280698
125,2282,2282,21,2.2,2026-07-16 09:14:56.528610,-45.03876463848813,167.57115766167544,69.15725759012517,0.0,-8728.196909627743,True,1.0,1000,82.57059558138657,-5.283187510326154,-12.146216908287274,1.0754370262134708e+18,5.987723323146683,289.34703326249155,79.15697838136016,115.63160569648025,40.75614131364061,27.6872273542503,23.882731163070964
126,2282,2282,21,2.2,2026-07-16 09:14:56.528610,-45.03876463848813,167.57115766167544,69.15725759012517,0.0,-8728.196909627743,True,1.0,1000,82.67486492507733,-5.256630165836399,-12.068504909086268,1.0738077134881244e+18,5.987284346205377,289.3723772848198,79.17948178594165,115.62245001919027,40.74951422164962,27.67064593647836,23.844685707436817
127,2282,2282,21,2.2,2026-07-16 09:14:56.528610,-45.03876463848813,167.57115766167544,69.15725759012517,0.0,-8728.196909627743,True,1.0,1000,82.60808900598057,-5.359234124500822,-12.0326768695186,1.0738523881172065e+18,5.987296391528489,289.3748097318765,79.16457486206531,115.61470932636955,40.785160975278075,27.669004607675905,23.880546998496644
128,2282,2282,21,2.2,2026-07-16 09:14:56.528610,-45.03876463848813,167.57115766167544,69.15725759012517,0.0,-8728.196909627743,True,1.0,1000,82.55133890344771,-5.306332212925486,-12.14232888362679,1.0751215861740428e+18,5.987638387776131,289.3740608457115,79.16539373006158,115.61143240253595,40.78581503147612,27.665709293817788,23.881435536415907
129,2282,2282,21,2.2,2026-07-16 09:14:56.528610,-45.03876463848813,167.57115766167544,69.15725759012517,0.0,-8728.196909627743,True,1.0,1000,82.67711458932168,-5.348783024531113,-11.974102386147212,1.0725512835701783e+18,5.986945377969193,289.3958805961855,79.17345058949084,115.6483855905427,40.76115865484721,27.696566311899293,23.836793711016757
130,2282,2282,21,2.2,2026-07-16 09:14:56.528610,-45.03876463848813,167.57115766167544,69.15725759012517,0.0,-8728.196909627743,True,1.0,1000,82.58580044883688,-5.374430207674921,-12.039769343488192,1.074112892724599e+18,5.9873666196742095,289.37744577244763,79.1721787570098,115.61304021224042,40.775748528540625,27.664703282266473,23.866588911237745
131,2282,2282,21,2.2,2026-07-16 09:14:56.528610,-45.03876463848813,167.57115766167544,69.15725759012517,0.0,-8728.196909627743,True,1.0,1000,82.65728952137373,-5.358385335533627,-11.984325143092644,1.0728728786765709e+18,5.98703217788728,289.4044914676003,79.18709636268981,115.66809738947977,40.728442887385235,27.7096329128423,23.79429575658696
132,2282,2282,21,2.2,2026-07-16 09:14:56.528610,-45.03876463848813,167.57115766167544,69.15725759012517,0.0,-8728.196909627743,True,1.0,1000,82.40589565951213,-5.350756742378715,-12.243347598109178,1.0764580457718899e+18,5.987998072102731,289.35862762172917,79.15279372775576,115.59631456947915,40.80595227690785,27.65649124100719,23.918385671891155
133,2282,2282,21,2.2,2026-07-16 09:14:56.528610,-45.03876463848813,167.57115766167544,69.15725759012517,0.0,-8728.196909627743,True,1.0,1000,82.58763959812939,-5.362697209743129,-12.049663192127499,1.073735582367879e+18,5.987264896913364,289.3966565380269,79.17186119896478,115.64848430552675,40.76466839824048,27.697235675572173,23.839902234659018
134,2282,2282,21,2.2,2026-07-16 09:14:56.528610,-45.03876463848813,167.57115766167544,69.15725759012517,0.0,-8728.196909627743,True,1.0,1000,82.61744815055644,-5.273038757552863,-12.109513091890703,1.0741405463932644e+18,5.987374073689636,289.35732094574996,79.17138216440296,115.61403161155977,40.75617452810273,27.665900543911484,23.867421130289873
135,2282,2282,21,2.2,2026-07-16 09:14:56.528610,-45.03876463848813,167.57115766167544,69.15725759012517,0.0,-8728.196909627743,True,1.0,1000,82.51510798390245,-5.431056927109713,-12.053835088987842,1.0737742105330627e+18,5.987275312697599,289.3813738396362,79.16438208712903,115.62522852924104,40.78289956234914,27.678693921970428,23.87281442297055
136,2282,2282,21,2.2,2026-07-16 09:14:56.528610,-45.03876463848813,167.57115766167544,69.15725759012517,0.0,-8728.196909627743,True,1.0,1000,82.57482724069972,-5.384743307303618,-12.040429451996644,1.0738725783932549e+18,5.987301835133926,289.3993198512852,79.18936881177669,115.64834432822923,40.73638736860754,27.690733006930383,23.804924671611506
137,2282,2282,21,2.2,2026-07-16 09:14:56.528610,-45.03876463848813,167.57115766167544,69.15725759012517,0.0,-8728.196909627743,True,1.0,1000,82.52770805539622,-5.3893249227542315,-12.082967021849559,1.073978511833939e+18,5.987330394723235,289.4147879822812,79.1794104340349,115.65138556142799,40.76688475024229,27.697139929698178,23.822542901163196
138,2282,2282,21,2.2,2026-07-16 09:14:56.528610,-45.03876463848813,167.57115766167544,69.15725759012517,0.0,-8728.196909627743,True,1.0,1000,82.53828153651628,-5.386659573016909,-12.075058890466817,1.0740075325697423e+18,5.987338218203873,289.3969340104824,79.19035306292268,115.63566637866636,40.74326981686564,27.678775783880052,23.812705970270315
139,2282,2282,21,2.2,2026-07-16 09:14:56.528610,-45.03876463848813,167.57115766167544,69.15725759012517,0.0,-8728.196909627743,True,1.0,1000,82.55058604817658,-5.29499048176607,-12.154423470057354,1.0749519250744118e+18,5.98759269452944,289.4036953992764,79.18357238031469,115.61110015290255,40.78344846676883,27.65877373383829,23.845234193904457
140,2282,2282,21,2.2,2026-07-16 09:14:56.528610,-45.03876463848813,167.57115766167544,69.15725759012517,0.0,-8728.196909627743,True,1.0,1000,82.67670079719427,-5.36679903949033,-11.956500163315393,1.0721044285098792e+18,5.986824726628831,289.3954677170833,79.17187132243964,115.62154029770686,40.7869109147564,27.672588854330137,23.860646679687555
141,2282,2282,21,2.2,2026-07-16 09:14:56.528610,-45.03876463848813,167.57115766167544,69.15725759012517,0.0,-8728.196909627743,True,1.0,1000,82.54698410663326,-5.330528752757863,-12.122487140608863,1.0746769726371261e+18,5.987518628829339,289.3683357763614,79.17131139188692,115.61938757728907,40.76264839701891,27.67082438460777,23.86343002521068
142,2282,2282,21,2.2,2026-07-16 09:14:56.528610,-45.03876463848813,167.57115766167544,69.15725759012517,0.0,-8728.196909627743,True,1.0,1000,82.68912769536361,-5.238883462237076,-12.071988842399309,1.074068331144951e+18,5.987354607746517,289.3807453791458,79.1611038408509,115.65502940737052,40.76214342719097,27.70714264592847,23.85641090507777
143,2282,2282,21,2.2,2026-07-16 09:14:56.528610,-45.03876463848813,167.57115766167544,69.15725759012517,0.0,-8728.196909627743,True,1.0,1000,82.6207864423644,-5.36244905960979,-12.016764498025806,1.0730031289325056e+18,5.987067325595281,289.37066545299245,79.17378236186974,115.60563458318785,40.77257437129737,27.657345852622942,23.869089793360207
144,2282,2282,21,2.2,2026-07-16 09:14:56.528610,-45.03876463848813,167.57115766167544,69.15725759012517,0.0,-8728.196909627743,True,1.0,1000,82.64729738184867,-5.33649914332856,-12.016203474822753,1.0735186855308119e+18,5.987206405408679,289.36163495124384,79.17424350814275,115.57945734521654,40.78556193557021,27.633240917343905,23.88839501204319
145,2282,2282,21,2.2,2026-07-16 09:14:56.528610,-45.03876463848813,167.57115766167544,69.15725759012517,0.0,-8728.196909627743,True,1.0,1000,82.54483583632415,-5.26773169783715,-12.187432465838706,1.0750325345654883e+18,5.9876144052334555,289.38136904343844,79.1772223640129,115.61845510442274,40.765996931544706,27.66781582493994,23.852297008278736
146,2282,2282,21,2.2,2026-07-16 09:14:56.528610,-45.03876463848813,167.57115766167544,69.15725759012517,0.0,-8728.196909627743,True,1.0,1000,82.60345285152525,-5.330503413963648,-12.066043734511108,1.0735892906412965e+18,5.987225447090315,289.37538672281806,79.17177557861189,115.6316030166047,40.758237808519084,27.681826716380844,23.85307909987265
147,2282,2282,21,2.2,2026-07-16 09:14:56.528610,-45.03876463848813,167.57115766167544,69.15725759012517,0.0,-8728.196909627743,True,1.0,1000,82.46740478562229,-5.390835257590512,-12.141759956787194,1.0757641468538604e+18,5.987811377325847,289.36425255747696,79.1610391176006,115.61489043805483,40.78072365949961,27.670461091794753,23.887495552730126
148,2282,2282,21,2.2,2026-07-16 09:14:56.528610,-45.03876463848813,167.57115766167544,69.15725759012517,0.0,-8728.196909627743,True,1.0,1000,82.77249306260344,-5.337388198454398,-11.890118738942153,1.0720674246551251e+18,5.986814733294323,289.3765480423028,79.18805353673615,115.60968750271284,40.74956865434253,27.655848276652215,23.837334013808363
149,2282,2282,21,2.2,2026-07-16 09:14:56.528610,-45.03876463848813,167.57115766167544,69.15725759012517,0.0,-8728.196909627743,True,1.0,1000,82.56915693285,-5.451781849121778,-11.97906121802821,1.0732542315822582e+18,5.987135072982077,289.410167268386,79.19639809229136,115.61233048415558,40.76605769949034,27.65522606338553,23.818553876579116
150,2282,2282,21,2.2,2026-07-16 09:14:56.528610,-45.03876463848813,167.57115766167544,69.15725759012517,0.0,-8728.196909627743,True,1.0,1000,82.65236446007589,-5.391274956109243,-11.956360583814877,1.0729431919654424e+18,5.987051152283574,289.3740004126522,79.1729545501566,115.63528673181717,40.75155281869231,27.684766056245206,23.84787692746189
151,2282,2282,21,2.2,2026-07-16 09:14:56.528610,-45.03876463848813,167.57115766167544,69.15725759012517,0.0,-8728.196909627743,True,1.0,1000,82.61177845749329,-5.303597510039763,-12.084624032466948,1.073904539116712e+18,5.987310452021728,289.3999996528416,79.19027566866865,115.61766738016424,40.76212598428401,27.662338108094882,23.826724044175556
152,2282,2282,21,2.2,2026-07-16 09:14:56.528610,-45.03876463848813,167.57115766167544,69.15725759012517,0.0,-8728.196909627743,True,1.0,1000,82.63487048866345,-5.383732895515184,-11.981396615821371,1.0729163172028163e+18,5.987043900139892,289.38643553910487,79.19092580927916,115.64030211839882,40.72772575407032,27.682808502024848,23.807990031852725
153,2282,2282,21,2.2,2026-07-16 09:14:56.528610,-45.03876463848813,167.57115766167544,69.15725759012517,0.0,-8728.196909627743,True,1.0,1000,82.57045918732082,-5.344998803242176,-12.084542009436989,1.074536553246157e+18,5.987480795847801,289.3543954830767,79.16587725931463,115.62919415999254,40.74981294105145,27.68177484580954,23.866758542200117
154,2282,2282,21,2.2,2026-07-16 09:14:56.528610,-45.03876463848813,167.57115766167544,69.15725759012517,0.0,-8728.196909627743,True,1.0,1000,82.65388717269316,-5.334001436433919,-12.012111390872917,1.0729660685617088e+18,5.98705732538058,289.396344788393,79.18933283387966,115.63202947189652,40.74765384503682,27.67581995779885,23.817551539889624
155,2282,2282,21,2.2,2026-07-16 09:14:56.528610,-45.03876463848813,167.57115766167544,69.15725759012517,0.0,-8728.196909627743,True,1.0,1000,82.5828372315244,-5.422917057894644,-11.994245710580964,1.072869482243458e+18,5.9870312613111585,289.3967968752847,79.18022984798061,115.63835403095223,40.75876797932058,27.684920647274655,23.83093165820814
156,2282,2282,21,2.2,2026-07-16 09:14:56.528610,-45.03876463848813,167.57115766167544,69.15725759012517,0.0,-8728.196909627743,True,1.0,1000,82.63788070781334,-5.342789305243471,-12.019329986943184,1.0735715087104431e+18,5.987220651551666,289.3676577734695,79.16318341964173,115.62191448530798,40.77419896829232,27.676100910032535,23.877774381194673
157,2282,2282,21,2.2,2026-07-16 09:14:56.528610,-45.03876463848813,167.57115766167544,69.15725759012517,0.0,-8728.196909627743,True,1.0,1000,82.64985263743245,-5.371143186974581,-11.979004175592971,1.0733324169015621e+18,5.987156164111586,289.3718387320299,79.17509546405095,115.63886525967139,40.74247797345399,27.687258877546935,23.840828963670173
158,2282,2282,21,2.2,2026-07-16 09:14:56.528610,-45.03876463848813,167.57115766167544,69.15725759012517,0.0,-8728.196909627743,True,1.0,1000,82.65915649581646,-5.354696883211917,-11.986146620971612,1.0731674124762019e+18,5.987111651017551,289.38085124275244,79.18150711631174,115.64246219773261,40.736983317453706,27.688213446010323,23.825208480968744
159,2282,2282,21,2.2,2026-07-16 09:14:56.528610,-45.03876463848813,167.57115766167544,69.15725759012517,0.0,-8728.196909627743,True,1.0,1000,82.5080904873635,-5.34044012718863,-12.151469385447857,1.074851849121397e+18,5.98756573862167,289.3706467277167,79.1782582920557,115.59661585954191,40.77246508143187,27.64746511614188,23.867075508181635
160,2282,2282,21,2.2,2026-07-16 09:14:56.528610,-45.03876463848813,167.57115766167544,69.15725759012517,0.0,-8728.196909627743,True,1.0,1000,82.46899649958482,-5.39979270488056,-12.131210795534626,1.0748607625043101e+18,5.9875681395832325,289.37939856418905,79.17555405257681,115.5853859969127,40.795820208874474,27.638183231312752,23.881180016842073
161,2282,2282,21,2.2,2026-07-16 09:14:56.528610,-45.03876463848813,167.57115766167544,69.15725759012517,0.0,-8728.196909627743,True,1.0,1000,82.46296683543042,-5.356462602320411,-12.180570562249164,1.0750767461598907e+18,5.987626312133046,289.37836794254684,79.1660664042829,115.64698734683245,40.75796121956288,27.697978426115363,23.852664773419185
162,2282,2282,21,2.2,2026-07-16 09:14:56.528610,-45.03876463848813,167.57115766167544,69.15725759012517,0.0,-8728.196909627743,True,1.0,1000,82.44008079137353,-5.357366130577088,-12.20255307804939,1.0760310071714765e+18,5.987883190830806,289.36594598828054,79.16466021114707,115.657214005756,40.73913824046168,27.70784433956781,23.84760624694056
163,2282,2282,21,2.2,2026-07-16 09:14:56.528610,-45.03876463848813,167.57115766167544,69.15725759012517,0.0,-8728.196909627743,True,1.0,1000,82.73494317016618,-5.29768064659002,-11.967376183243811,1.072638771698614e+18,5.98696899397241,289.37140031452975,79.16942726548798,115.64890015134189,40.74336814980311,27.698502932832866,23.844458431130654
164,2282,2282,21,2.2,2026-07-16 09:14:56.528610,-45.03876463848813,167.57115766167544,69.15725759012517,0.0,-8728.196909627743,True,1.0,1000,82.54315904679628,-5.304448431920699,-12.152392521283025,1.0747958113392055e+18,5.987550643496989,289.39459237731194,79.18050122553446,115.6505405469567,40.74548811398313,27.695969760584287,23.821007291887057
165,2282,2282,21,2.2,2026-07-16 09:14:56.528610,-45.03876463848813,167.57115766167544,69.15725759012517,0.0,-8728.196909627743,True,1.0,1000,82.44083772432394,-5.359757193586823,-12.199405082089235,1.0760367509894167e+18,5.987884736326406,289.3867253802905,79.17098619064787,115.6018529541175,40.79689936131898,27.654908303615834,23.877618917458094
166,2282,2282,21,2.2,2026-07-16 09:14:56.528610,-45.03876463848813,167.57115766167544,69.15725759012517,0.0,-8728.196909627743,True,1.0,1000,82.60363068494085,-5.383437792879015,-12.012931522180136,1.0731383447828644e+18,5.987103808743277,289.38406548641063,79.16653617459102,115.6485091643159,40.76150159900409,27.699199029756972,23.85055147504821
167,2282,2282,21,2.2,2026-07-16 09:14:56.528610,-45.03876463848813,167.57115766167544,69.15725759012517,0.0,-8728.196909627743,True,1.0,1000,82.49330322774476,-5.317344727508129,-12.189352044747114,1.0754195825867722e+18,5.987718626927333,289.3790624193335,79.17208782357639,115.63337580998494,40.75981620397166,27.683334261240255,23.851086790311136
168,2282,2282,21,2.2,2026-07-16 09:14:56.528610,-45.03876463848813,167.57115766167544,69.15725759012517,0.0,-8728.196909627743,True,1.0,1000,82.57102393761642,-5.381162632254498,-12.047813430129096,1.0741810377665446e+18,5.9873849877477605,289.36575753739737,79.16806846449894,115.63073767263705,40.7559417980126,27.682387137784296,23.861176520141626
169,2282,2282,21,2.2,2026-07-16 09:14:56.528610,-45.03876463848813,167.57115766167544,69.15725759012517,0.0,-8728.196909627743,True,1.0,1000,82.46665792493287,-5.382735660550307,-12.150606414516822,1.074831812040582e+18,5.987560341242333,289.37947314802074,79.15844197298344,115.61563572372413,40.799905132349245,27.67209094230059,23.892126228348808
170,2282,2282,21,2.2,2026-07-16 09:14:56.528610,-45.03876463848813,167.57115766167544,69.15725759012517,0.0,-8728.196909627743,True,1.0,1000,82.61919328104504,-5.297297980389697,-12.083508738565252,1.0741708223099853e+18,5.98738223430903,289.3636503257836,79.17585343092915,115.61198246381089,40.756347813607114,27.66239542287874,23.860035887985806
171,2282,2282,21,2.2,2026-07-16 09:14:56.528610,-45.03876463848813,167.57115766167544,69.15725759012517,0.0,-8728.196909627743,True,1.0,1000,82.57881113718122,-5.39537046893679,-12.025818393881982,1.0741080330945175e+18,5.987365309746536,289.37644424901185,79.17184854154544,115.60556625219714,40.78184825458697,27.657989087810225,23.87302126754165
172,2282,2282,21,2.2,2026-07-16 09:14:56.528610,-45.03876463848813,167.57115766167544,69.15725759012517,0.0,-8728.196909627743,True,1.0,1000,82.58433236363399,-5.277281503454001,-12.138386132912009,1.0744442511920494e+18,5.987455924353548,289.37476608920224,79.18268827307541,115.62021499215652,40.74815376131909,27.6674329601846,23.839978637138653
173,2282,2282,21,2.2,2026-07-16 09:14:56.528610,-45.03876463848813,167.57115766167544,69.15725759012517,0.0,-8728.196909627743,True,1.0,1000,82.54968310876492,-5.310569251236795,-12.139747639998278,1.0744212828670954e+18,5.987449735030778,289.3783882891748,79.17194619393001,115.59202958902686,40.79542568000453,27.64557540070481,23.883283747641
174,2282,2282,21,2.2,2026-07-16 09:14:56.528610,-45.03876463848813,167.57115766167544,69.15725759012517,0.0,-8728.196909627743,True,1.0,1000,82.73447331570209,-5.304162671007994,-11.96136401328991,1.0732099483465263e+18,5.987123126535388,289.40964267971714,79.17325960401155,115.66995165189726,40.756519978844246,27.716363578054757,23.82058546069879
175,2282,2282,21,2.2,2026-07-16 09:14:56.528610,-45.03876463848813,167.57115766167544,69.15725759012517,0.0,-8728.196909627743,True,1.0,1000,82.72409425773651,-5.294208269182007,-11.981697473081493,1.0718165721955067e+18,5.9867469784844305,289.3788198385638,79.17899028140002,115.64447493719345,40.73766873885866,27.690971234905724,23.8287033805802
176,2282,2282,21,2.2,2026-07-16 09:14:56.528610,-45.03876463848813,167.57115766167544,69.15725759012517,0.0,-8728.196909627743,True,1.0,1000,82.64353355473786,-5.301888385618787,-12.054578059643362,1.0738001673945638e+18,5.987282311552888,289.3541576867068,79.16940328263537,115.62173038090056,40.74981731462234,27.67366296007123,23.86544804426156
177,2282,2282,21,2.2,2026-07-16 09:14:56.528610,-45.03876463848813,167.57115766167544,69.15725759012517,0.0,-8728.196909627743,True,1.0,1000,82.68061040950872,-5.451474863171665,-11.867914727319615,1.071869746158509e+18,5.986761342003022,289.3962688072415,79.1785965719694,115.60295591451536,40.791958832588875,27.653139712711848,23.861500891623958
178,2282,2282,21,2.2,2026-07-16 09:14:56.528610,-45.03876463848813,167.57115766167544,69.15725759012517,0.0,-8728.196909627743,True,1.0,1000,82.54916811450602,-5.40675982339652,-12.044072062097458,1.0740393382965386e+18,5.987346792226366,289.36349814495134,79.16063868203838,115.62533830383495,40.771572346709746,27.680160475634892,23.88023245875372
179,2282,2282,21,2.2,2026-07-16 09:14:56.528610,-45.03876463848813,167.57115766167544,69.15725759012517,0.0,-8728.196909627743,True,1.0,1000,82.62458291903165,-5.2940986131039445,-12.081318467864417,1.0741640205501898e+18,5.987380400971765,289.400996060936,79.1907511585253,115.60874089865953,40.77004675550614,27.653999375835703,23.83265162830333
180,2282,2282,21,2.2,2026-07-16 09:14:56.528610,-45.03876463848813,167.57115766167544,69.15725759012517,0.0,-8728.196909627743,True,1.0,1000,82.56361907756114,-5.352799167466387,-12.083581754972458,1.0741222423139114e+18,5.987369139867012,289.39065638613556,79.19178458155366,115.59898499126408,40.76636571925467,27.64469893841306,23.83810328819362
181,2282,2282,21,2.2,2026-07-16 09:14:56.528610,-45.03876463848813,167.57115766167544,69.15725759012517,0.0,-8728.196909627743,True,1.0,1000,82.6295194888768,-5.322318377977101,-12.048162133146096,1.0732937154570282e+18,5.9871457242723425,289.3825823124191,79.17701913867236,115.60569324776583,40.778689421700385,27.656218528577174,23.862552022141777
182,2282,2282,21,2.2,2026-07-16 09:14:56.528610,-45.03876463848813,167.57115766167544,69.15725759012517,0.0,-8728.196909627743,True,1.0,1000,82.57112184545385,-5.456655486510644,-11.972222668035505,1.0739615362345605e+18,5.987325818301811,289.3623731574321,79.17315412455318,115.59968804093803,40.77058320200693,27.652137307681603,23.87494256103274
183,2282,2282,21,2.2,2026-07-16 09:14:56.528610,-45.03876463848813,167.57115766167544,69.15725759012517,0.0,-8728.196909627743,True,1.0,1000,82.58968189917519,-5.265191979246614,-12.145126121578201,1.0745383667000058e+18,5.987481284475407,289.34318664245507,79.18214110955367,115.60796786576819,40.72821104453628,27.656430702534863,23.850521858349108
184,2282,2282,21,2.2,2026-07-16 09:14:56.528610,-45.03876463848813,167.57115766167544,69.15725759012517,0.0,-8728.196909627743,True,1.0,1000,82.4888477211148,-5.406636534835793,-12.104515744049408,1.0744409062681705e+18,5.987455022998117,289.38378118684165,79.19392822178911,115.61743315575322,40.7396214760514,27.66079354341818,23.819577238546145
185,2282,2282,21,2.2,2026-07-16 09:14:56.528610,-45.03876463848813,167.57115766167544,69.15725759012517,0.0,-8728.196909627743,True,1.0,1000,82.74996747127054,-5.18905699658208,-12.06097553214739,1.0731794452293719e+18,5.987114897313792,289.36794203731813,79.17619442261037,115.61789299632406,40.75488509423574,27.667676565411593,23.854791902345653
186,2282,2282,21,2.2,2026-07-16 09:14:56.528610,-45.03876463848813,167.57115766167544,69.15725759012517,0.0,-8728.196909627743,True,1.0,1000,82.59934091490432,-5.315909267336549,-12.08474981775913,1.074256701112929e+18,5.987405380968526,289.35743381803013,79.15855340360707,115.62609974281824,40.76854521064878,27.681617915703843,23.88382390209384
187,2282,2282,21,2.2,2026-07-16 09:14:56.528610,-45.03876463848813,167.57115766167544,69.15725759012517,0.0,-8728.196909627743,True,1.0,1000,82.44537247761762,-5.418752951527415,-12.135874570854966,1.0748683162927698e+18,5.987570174300804,289.4112998931729,79.1614240268294,115.63581847902826,40.80885054390291,27.68945724920473,23.87057396282438
188,2282,2282,21,2.2,2026-07-16 09:14:56.528610,-45.03876463848813,167.57115766167544,69.15725759012517,0.0,-8728.196909627743,True,1.0,1000,82.65230512742716,-5.2808791480109605,-12.066815724561886,1.073950358315287e+18,5.987322804827085,289.39096843066403,79.17828112779726,115.65521914628525,40.74173756197695,27.70105807177455,23.82185631481366
189,2282,2282,21,2.2,2026-07-16 09:14:56.528610,-45.03876463848813,167.57115766167544,69.15725759012517,0.0,-8728.196909627743,True,1.0,1000,82.61572438832397,-5.328694270272316,-12.055581341403723,1.0733684916714409e+18,5.987165895057918,289.3831498417694,79.17525753025045,115.63007895934066,40.76114666960972,27.67916342899434,23.847274211269006
190,2282,2282,21,2.2,2026-07-16 09:14:56.528610,-45.03876463848813,167.57115766167544,69.15725759012517,0.0,-8728.196909627743,True,1.0,1000,82.63041738245529,-5.39420231565201,-11.975380301892688,1.0728899614337555e+18,5.987036787869983,289.37969056663405,79.17163187080176,115.64189605824514,40.75383952812331,27.691293245366214,23.84543552308486
191,2282,2282,21,2.2,2026-07-16 09:14:56.528610,-45.03876463848813,167.57115766167544,69.15725759012517,0.0,-8728.196909627743,True,1.0,1000,82.73480731157632,-5.367936831340616,-11.89725585708305,1.0720323113910751e+18,5.98680525021754,289.39114511479136,79.1755625730403,115.61848051967445,40.77869860446888,27.668444313221404,23.855605727768804
192,2282,2282,21,2.2,2026-07-16 09:14:56.528610,-45.03876463848813,167.57115766167544,69.15725759012517,0.0,-8728.196909627743,True,1.0,1000,82.63436891307477,-5.2249940941550115,-12.140636992770226,1.0745823780950049e+18,5.987493142910094,289.38495399012027,79.18302099233824,115.67562364885121,40.70960253498772,27.718001369343135,23.796678426169372
193,2282,2282,21,2.2,2026-07-16 09:14:56.528610,-45.03876463848813,167.57115766167544,69.15725759012517,0.0,-8728.196909627743,True,1.0,1000,82.58454537174985,-5.391974845456131,-12.023479782794022,1.0734538176174764e+18,5.987188909903245,289.40914641772645,79.19003140832308,115.65894195726565,40.73583649202932,27.700188363700235,23.795449309669074
194,2282,2282,21,2.2,2026-07-16 09:14:56.528610,-45.03876463848813,167.57115766167544,69.15725759012517,0.0,-8728.196909627743,True,1.0,1000,82.70918422860157,-5.278304550127107,-12.01251122127132,1.0724152953324044e+18,5.986908666322539,289.38224604995503,79.17092532302586,115.6367217889616,40.76215093529106,27.68681829268996,23.8508380186628
195,2282,2282,21,2.2,2026-07-16 09:14:56.528610,-45.03876463848813,167.57115766167544,69.15725759012517,0.0,-8728.196909627743,True,1.0,1000,82.42608351045452,-5.4455063781794335,-12.12841011136606,1.0752083903712184e+18,5.987661763155272,289.3897805834654,79.1710974531182,115.62222542959282,40.782001047556435,27.673497691124915,23.861669680760624
196,2282,2282,21,2.2,2026-07-16 09:14:56.528610,-45.03876463848813,167.57115766167544,69.15725759012517,0.0,-8728.196909627743,True,1.0,1000,82.67711470228112,-5.400773874530666,-11.922111423188216,1.0722884837923251e+18,5.986874427840005,289.38353377430496,79.18351123027003,115.62698141103073,40.749571423129,27.673322344724824,23.833113314096813
197,2282,2282,21,2.2,2026-07-16 09:14:56.528610,-45.03876463848813,167.57115766167544,69.15725759012517,0.0,-8728.196909627743,True,1.0,1000,82.33884960276701,-5.438078567636029,-12.223071829596938,1.075646068365791e+18,5.987779596102853,289.40342662347257,79.18245419466923,115.62971585601925,40.7689622936543,27.676208713332667,23.83312596429953
198,2282,2282,21,2.2,2026-07-16 09:14:56.528610,-45.03876463848813,167.57115766167544,69.15725759012517,0.0,-8728.196909627743,True,1.0,1000,82.55913250626092,-5.305240197412006,-12.135627296327076,1.0755593774652355e+18,5.987756260733787,289.3639359804226,79.15499777436588,115.59042212269988,40.81249290711543,27.650298895277366,23.918525075743638
199,2282,2282,21,2.2,2026-07-16 09:14:56.528610,-45.03876463848813,167.57115766167544,69.15725759012517,0.0,-8728.196909627743,True,1.0,1000,82.67408963092048,-5.402941938434665,-11.922968430644861,1.0722131710744497e+18,5.986854091865767,289.37919887896464,79.18293080915277,115.59591336493308,40.7733244343249,27.645117933283924,23.8582423511719
200,2282,2282,21,2.2,2026-07-16 09:14:56.528610,-45.03876463848813,167.57115766167544,69.15725759012517,0.0,-8728.196909627743,True,1.0,1000,82.43850656681705,-5.36004474011362,-12.201448693069338,1.0759231038068375e+18,5.987854155616941,289.37303286577804,79.17275688229911,115.59985234253637,40.78180547852942,27.652432549063654,23.87561251419526
201,2282,2282,21,2.2,2026-07-16 09:14:56.528610,-45.03876463848813,167.57115766167544,69.15725759012517,0.0,-8728.196909627743,True,1.0,1000,82.64030190317406,-5.290147491332811,-12.06955060549312,1.0739497458911132e+18,5.987322639721676,289.37525347875595,79.17063099827432,115.63584517440337,40.75644360064256,27.68612384306303,23.852103441542933
202,2282,2282,21,2.2,2026-07-16 09:14:56.528610,-45.03876463848813,167.57115766167544,69.15725759012517,0.0,-8728.196909627743,True,1.0,1000,82.45734595229555,-5.34758022988776,-12.195073817816693,1.0752303945211277e+18,5.987667688321772,289.4126045851844,79.18112188074426,115.67198454417404,40.74377776785002,27.715362451236967,23.80327720011502
203,2282,2282,21,2.2,2026-07-16 09:14:56.528610,-45.03876463848813,167.57115766167544,69.15725759012517,0.0,-8728.196909627743,True,1.0,1000,82.70767162029243,-5.293552648199956,-11.998775731507612,1.0726866158456329e+18,5.986981907910262,289.40651681040487,79.18268926431904,115.66961683766425,40.73696547531255,27.712625999700407,23.801956808708777
204,2282,2282,21,2.2,2026-07-16 09:14:56.528610,-45.03876463848813,167.57115766167544,69.15725759012517,0.0,-8728.196909627743,True,1.0,1000,82.59871134368473,-5.31319367584105,-12.088094980474217,1.0745701177274659e+18,5.987489839524238,289.36487459123316,79.1665885296482,115.61661275495828,40.76999116427253,27.670010129927263,23.875040386978696
205,2282,2282,21,2.2,2026-07-16 09:14:56.528610,-45.03876463848813,167.57115766167544,69.15725759012517,0.0,-8728.196909627743,True,1.0,1000,82.48835309248894,-5.276792062755108,-12.234854844755954,1.076078788787752e+18,5.987896047233286,289.35679081941515,79.15400028324972,115.63247973072693,40.77042082787291,27.689113722900174,23.888023604704777
206,2282,2282,21,2.2,2026-07-16 09:14:56.528610,-45.03876463848813,167.57115766167544,69.15725759012517,0.0,-8728.196909627743,True,1.0,1000,82.62582988722167,-5.305144881772348,-12.069025231005979,1.0742991454704543e+18,5.987416820187289,289.3653433389669,79.1731803628521,115.64541322520252,40.73368554344727,27.693945971664323,23.839623764634617
207,2282,2282,21,2.2,2026-07-16 09:14:56.528610,-45.03876463848813,167.57115766167544,69.15725759012517,0.0,-8728.196909627743,True,1.0,1000,82.40026638421257,-5.36729543959225,-12.232438176195187,1.0762659722715401e+18,5.987946406423437,289.38148834963533,79.16141804082511,115.59624906872175,40.81355070330357,27.653278987459387,23.90114100726779
208,2282,2282,21,2.2,2026-07-16 09:14:56.528610,-45.03876463848813,167.57115766167544,69.15725759012517,0.0,-8728.196909627743,True,1.0,1000,82.56377623415966,-5.405337038414909,-12.030886727425433,1.0739839553063619e+18,5.987331862203896,289.4103191437399,79.17652000371612,115.61121618122763,40.80250021066145,27.66145149257071,23.85929035448748
209,2282,2282,21,2.2,2026-07-16 09:14:56.528610,-45.03876463848813,167.57115766167544,69.15725759012517,0.0,-8728.196909627743,True,1.0,1000,82.49972403118917,-5.367176332780822,-12.13309963603001,1.0751264807074378e+18,5.987639705868296,289.3892403244988,79.17040644539104,115.62525777497032,40.78004654234726,27.676522893721124,23.860716062333008
210,2282,2282,21,2.2,2026-07-16 09:14:56.528610,-45.03876463848813,167.57115766167544,69.15725759012517,0.0,-8728.196909627743,True,1.0,1000,82.4812639140996,-5.346989813703823,-12.171746272196572,1.0753534301105669e+18,5.987700816490361,289.3505336742614,79.15861364427906,115.60049898774861,40.783867687036945,27.65818917244714,23.90347905050206
211,2282,2282,21,2.2,2026-07-16 09:14:56.528610,-45.03876463848813,167.57115766167544,69.15725759012517,0.0,-8728.196909627743,True,1.0,1000,82.52981294388773,-5.445397841439287,-12.024789214672998,1.0733661135324196e+18,5.987165253579675,289.39531591217826,79.17660405552908,115.64407579898034,40.75874628038631,27.69147529880557,23.833792826073413
212,2282,2282,21,2.2,2026-07-16 09:14:56.528610,-45.03876463848813,167.57115766167544,69.15725759012517,0.0,-8728.196909627743,True,1.0,1000,82.62205101626837,-5.3834338152386065,-11.99451516849301,1.073885924249386e+18,5.987305433323491,289.3745170493611,79.17064893504839,115.60703407860477,40.780772333686784,27.65976914937785,23.874293719952767
213,2282,2282,21,2.2,2026-07-16 09:14:56.528610,-45.03876463848813,167.57115766167544,69.15725759012517,0.0,-8728.196909627743,True,1.0,1000,82.6164135930858,-5.373894544729011,-12.009691862185193,1.0735403200697041e+18,5.9872122402185814,289.37633759170615,79.17742099738375,115.63179910585791,40.74899678928631,27.679948223286697,23.84161156569628
214,2282,2282,21,2.2,2026-07-16 09:14:56.528610,-45.03876463848813,167.57115766167544,69.15725759012517,0.0,-8728.196909627743,True,1.0,1000,82.54322997686627,-5.388714895984814,-12.068055127148913,1.0743833087780705e+18,5.987439501783023,289.3517291855526,79.16200697610057,115.62296017900839,40.7594473116588,27.677486491404807,23.879325390075355
215,2282,2282,21,2.2,2026-07-16 09:14:56.528610,-45.03876463848813,167.57115766167544,69.15725759012517,0.0,-8728.196909627743,True,1.0,1000,82.70733399068712,-5.235993802923876,-12.056672206389013,1.0737480786674125e+18,5.98726826648432,289.3948747671819,79.17289627528851,115.68263583009703,40.73138560539873,27.728099878843395,23.811566358019085
216,2282,2282,21,2.2,2026-07-16 09:14:56.528610,-45.03876463848813,167.57115766167544,69.15725759012517,0.0,-8728.196909627743,True,1.0,1000,82.67536348534453,-5.313213111699561,-12.011423402955925,1.0733732487905976e+18,5.987167178237015,289.39003763122975,79.17847462253222,115.63655630342494,40.75668780992029,27.68391564500697,23.835834514958858
217,2282,2282,21,2.2,2026-07-16 09:14:56.528610,-45.03876463848813,167.57115766167544,69.15725759012517,0.0,-8728.196909627743,True,1.0,1000,82.71397503524359,-5.277073304986377,-12.008951659770029,1.0729559383336817e+18,5.9870545918223135,289.3661868869835,79.17677548368432,115.6225370504988,40.74805395601908,27.671712102908977,23.850045154541913
218,2282,2282,21,2.2,2026-07-16 09:14:56.528610,-45.03876463848813,167.57115766167544,69.15725759012517,0.0,-8728.196909627743,True,1.0,1000,82.71908587240314,-5.208954048654099,-12.071960078942762,1.0738448164375718e+18,5.987294350062137,289.37315752919255,79.19880932549984,115.62035867755601,40.71778008903955,27.661692945305347,23.807531100516965
219,2282,2282,21,2.2,2026-07-16 09:14:56.528610,-45.03876463848813,167.57115766167544,69.15725759012517,0.0,-8728.196909627743,True,1.0,1000,82.49164412499591,-5.3829035875849085,-12.125452287419181,1.0749255047909256e+18,5.987585578351145,289.37164639082243,79.17373690136925,115.6313799724214,40.751210214247,27.680907678305122,23.849319650368617
220,2282,2282,21,2.2,2026-07-16 09:14:56.528610,-45.03876463848813,167.57115766167544,69.15725759012517,0.0,-8728.196909627743,True,1.0,1000,82.5436658259259,-5.350237225861131,-12.106096948212963,1.0750012503165038e+18,5.9876059795818515,289.3957302418552,79.16607405834343,115.64207798816163,40.77958172736754,27.693485658600544,23.8564317989422
221,2282,2282,21,2.2,2026-07-16 09:14:56.528610,-45.03876463848813,167.57115766167544,69.15725759012517,0.0,-8728.196909627743,True,1.0,1000,82.54413261167615,-5.327435466453391,-12.128431921870465,1.0751097476781484e+18,5.987635199658116,289.3723744969327,79.17285920725165,115.64512834431034,40.7415342656784,27.693802416694922,23.84048666700896
222,2282,2282,21,2.2,2026-07-16 09:14:56.528610,-45.03876463848813,167.57115766167544,69.15725759012517,0.0,-8728.196909627743,True,1.0,1000,82.62167588324616,-5.2811160810368385,-12.097208035717012,1.0740289409133038e+18,5.987343989381777,289.3950886397627,79.17188630193174,115.62328771234797,40.784983305438665,27.674181466054335,23.859268807396955
223,2282,2282,21,2.2,2026-07-16 09:14:56.528610,-45.03876463848813,167.57115766167544,69.15725759012517,0.0,-8728.196909627743,True,1.0,1000,82.71666340698155,-5.320039724110557,-11.963296868907898,1.072612862821556e+18,5.986962000491453,289.3849523492485,79.16963860662011,115.61655183358583,40.784706078337116,27.668841397295864,23.86897213873202
224,2282,2282,21,2.2,2026-07-16 09:14:56.528610,-45.03876463848813,167.57115766167544,69.15725759012517,0.0,-8728.196909627743,True,1.0,1000,82.48233329146056,-5.324080276541404,-12.193586431998028,1.075970157412328e+18,5.987866817410528,289.4043998680816,79.1591764936951,115.65189879652316,40.791939002133525,27.704982335556046,23.862682282186764
225,2282,2282,21,2.2,2026-07-16 09:14:56.528610,-45.03876463848813,167.57115766167544,69.15725759012517,0.0,-8728.196909627743,True,1.0,1000,82.64640594210412,-5.2393605174064914,-12.114233540489382,1.0742504567952087e+18,5.987403698018439,289.3460489366673,79.16183896573943,115.60100327263713,40.77321397108583,27.657471786541024,23.896621313749666
226,2282,2282,21,2.2,2026-07-16 09:14:56.528610,-45.03876463848813,167.57115766167544,69.15725759012517,0.0,-8728.196909627743,True,1.0,1000,82.62971940088056,-5.319437434330237,-12.050843164789198,1.0739833683924045e+18,5.987331703980822,289.36655863261706,79.18449192218604,115.64900251344585,40.71170950719772,27.69310997133517,23.81419312432745
227,2282,2282,21,2.2,2026-07-16 09:14:56.528610,-45.03876463848813,167.57115766167544,69.15725759012517,0.0,-8728.196909627743,True,1.0,1000,82.60041043702243,-5.271081781904148,-12.12850778107342,1.0739302103885779e+18,5.987317373033206,289.3694794209431,79.1733984938693,115.62847110796176,40.75217604459627,27.678370599321017,23.852240309485943
228,2282,2282,21,2.2,2026-07-16 09:14:56.528610,-45.03876463848813,167.57115766167544,69.15725759012517,0.0,-8728.196909627743,True,1.0,1000,82.5907535122106,-5.427287404860831,-11.981959082928565,1.0731274060698452e+18,5.987100857494764,289.3816111872768,79.18217689725904,115.62647669062119,40.75045750266756,27.67334683025809,23.836177804509365
229,2282,2282,21,2.2,2026-07-16 09:14:56.528610,-45.03876463848813,167.57115766167544,69.15725759012517,0.0,-8728.196909627743,True,1.0,1000,82.44052933040504,-5.386411712057785,-12.173058957537174,1.0752305313432545e+18,5.987667725164164,289.3851585681901,79.19012248944813,115.63050562769232,40.73639020731615,27.674138386464083,23.81714139170856
230,2282,2282,21,2.2,2026-07-16 09:14:56.528610,-45.03876463848813,167.57115766167544,69.15725759012517,0.0,-8728.196909627743,True,1.0,1000,82.71398300301932,-5.396369574128381,-11.889647422852288,1.0726694494919091e+18,5.986977274489688,289.41642362321096,79.17314673422472,115.62627949398113,40.80147525752142,27.676457980379094,23.854434742499084
231,2282,2282,21,2.2,2026-07-16 09:14:56.528610,-45.03876463848813,167.57115766167544,69.15725759012517,0.0,-8728.196909627743,True,1.0,1000,82.51237571287776,-5.392123010705319,-12.095501276416911,1.0741878973957023e+18,5.987386836653719,289.4001000388183,79.17557709017692,115.62058401373685,40.78579581147837,27.67036281917769,23.853954178946378
232,2282,2282,21,2.2,2026-07-16 09:14:56.528610,-45.03876463848813,167.57115766167544,69.15725759012517,0.0,-8728.196909627743,True,1.0,1000,82.56867064758477,-5.267787153089828,-12.163542199325413,1.0747318407143974e+18,5.98753341050825,289.38900434340854,79.16747439023287,115.62849262344103,40.782198062042966,27.680550683662,23.864098495313513
233,2282,2282,21,2.2,2026-07-16 09:14:56.528610,-45.03876463848813,167.57115766167544,69.15725759012517,0.0,-8728.196909627743,True,1.0,1000,82.52126777126568,-5.37189625454958,-12.106835974184733,1.07419810735692e+18,5.987389588567516,289.3960173008873,79.17773919230294,115.62122527562366,40.777315139586136,27.67016099391158,23.849124290835615
234,2282,2282,21,2.2,2026-07-16 09:14:56.528610,-45.03876463848813,167.57115766167544,69.15725759012517,0.0,-8728.196909627743,True,1.0,1000,82.45693975925663,-5.3733366326276,-12.169723608115781,1.0750848027705158e+18,5.98762848185624,289.37042856918254,79.16535507048089,115.61490540055816,40.77922352630184,27.668899096121883,23.878831381957884
235,2282,2282,21,2.2,2026-07-16 09:14:56.528610,-45.03876463848813,167.57115766167544,69.15725759012517,0.0,-8728.196909627743,True,1.0,1000,82.42040335911565,-5.332110528953595,-12.247486111930757,1.0768504065816888e+18,5.9881035842423165,289.3547599644024,79.13450896391379,115.64489182067429,40.79213251767382,27.70758129066015,23.91747920918549
236,2282,2282,21,2.2,2026-07-16 09:14:56.528610,-45.03876463848813,167.57115766167544,69.15725759012517,0.0,-8728.196909627743,True,1.0,1000,82.63379939671256,-5.31650957447259,-12.049691028814852,1.0735491162448566e+18,5.987214612503135,289.3997782950686,79.16969885227681,115.64599344451516,40.773792527341705,27.695745365165312,23.84615279416997
237,2282,2282,21,2.2,2026-07-16 09:14:56.528610,-45.03876463848813,167.57115766167544,69.15725759012517,0.0,-8728.196909627743,True,1.0,1000,82.68004463032854,-5.458885740785576,-11.861069628885874,1.0715123233379281e+18,5.986664780117747,289.3769622073991,79.18703242126307,115.59460511778289,40.76493646201369,27.642425457350484,23.851021283136603
238,2282,2282,21,2.2,2026-07-16 09:14:56.528610,-45.03876463848813,167.57115766167544,69.15725759012517,0.0,-8728.196909627743,True,1.0,1000,82.37108778511086,-5.366328451997542,-12.262583762891607,1.0763868587413783e+18,5.98797892464225,289.3786492957834,79.16533726085041,115.596905378724,40.80317588998577,27.652447201370734,23.892772786309223
239,2282,2282,21,2.2,2026-07-16 09:14:56.528610,-45.03876463848813,167.57115766167544,69.15725759012517,0.0,-8728.196909627743,True,1.0,1000,82.63570422851984,-5.279159494548483,-12.085136276931676,1.0738964562161155e+18,5.987308272825962,289.3813132813457,79.17909410008903,115.60085593975293,40.77794960586896,27.651037730418317,23.86212411668557
240,2282,2282,21,2.2,2026-07-16 09:14:56.528610,-45.03876463848813,167.57115766167544,69.15725759012517,0.0,-8728.196909627743,True,1.0,1000,82.75831071788649,-5.306111585658091,-11.935577696455423,1.0722495892186141e+18,5.9868639256879215,289.38614859160896,79.17412053169609,115.62762023073951,40.768304132038146,27.677329143366578,23.851448839696943
241,2282,2282,21,2.2,2026-07-16 09:14:56.528610,-45.03876463848813,167.57115766167544,69.15725759012517,0.0,-8728.196909627743,True,1.0,1000,82.56706001102118,-5.397525124637786,-12.035414864341021,1.0734291896183626e+18,5.987182267216098,289.384180729022,79.17005741415728,115.59491819709748,40.80205432779321,27.64890635511021,23.8848403992366
242,2282,2282,21,2.2,2026-07-16 09:14:56.528610,-45.03876463848813,167.57115766167544,69.15725759012517,0.0,-8728.196909627743,True,1.0,1000,82.54260495369526,-5.529128099888277,-11.928266946416462,1.0727825884752753e+18,5.987007810796469,289.3760600023974,79.15872004490726,115.62945865764915,40.78394854885882,27.68462840641032,23.880897897307545
243,2282,2282,21,2.2,2026-07-16 09:14:56.528610,-45.03876463848813,167.57115766167544,69.15725759012517,0.0,-8728.196909627743,True,1.0,1000,82.73096081652601,-5.206470363456544,-12.06256882001745,1.073753878835744e+18,5.987269830460293,289.38838033078036,79.18611610163487,115.61650147512809,40.75891134483117,27.662787062806963,23.835966455855576
244,2282,2282,21,2.2,2026-07-16 09:14:56.528610,-45.03876463848813,167.57115766167544,69.15725759012517,0.0,-8728.196909627743,True,1.0,1000,82.59833971226702,-5.416114360452698,-11.985545927280263,1.0733643237084536e+18,5.987164770792359,289.3791849329984,79.18173642308042,115.61978786357764,40.75463505760508,27.667389190752537,23.842216844888345
245,2282,2282,21,2.2,2026-07-16 09:14:56.528610,-45.03876463848813,167.57115766167544,69.15725759012517,0.0,-8728.196909627743,True,1.0,1000,82.71394181549805,-5.321015887196472,-11.965042297305477,1.0727837821015105e+18,5.9870081329400255,289.4054763418082,79.19567835165282,115.65119586559653,40.72886884084427,27.69104704932856,23.79008468302178
246,2282,2282,21,2.2,2026-07-16 09:14:56.528610,-45.03876463848813,167.57115766167544,69.15725759012517,0.0,-8728.196909627743,True,1.0,1000,82.58810523680917,-5.389212271229543,-12.02268249196128,1.0733190671151567e+18,5.987152563006259,289.38344688658515,79.15852530951493,115.60971048216143,40.80889927655302,27.666643090652823,23.896536485422615
247,2282,2282,21,2.2,2026-07-16 09:14:56.528610,-45.03876463848813,167.57115766167544,69.15725759012517,0.0,-8728.196909627743,True,1.0,1000,82.67878727452593,-5.2691517813370226,-12.052060944137056,1.07429614745039e+18,5.987416012202911,289.40558770990145,79.18841723234559,115.66034395301412,40.73392473659196,27.70205824107276,23.79760647321473
248,2282,2282,21,2.2,2026-07-16 09:14:56.528610,-45.03876463848813,167.57115766167544,69.15725759012517,0.0,-8728.196909627743,True,1.0,1000,82.5623306853087,-5.358873372531955,-12.078795942159354,1.0744191546815278e+18,5.987449161537445,289.3892270147546,79.17439287297796,115.62318231102972,40.77476297544531,27.673170981124258,23.85432473708828
249,2282,2282,21,2.2,2026-07-16 09:14:56.528610,-45.03876463848813,167.57115766167544,69.15725759012517,0.0,-8728.196909627743,True,1.0,1000,82.7030707067348,-5.256313600986571,-12.040615692278621,1.0734052114799227e+18,5.98717579966356,289.3768712479074,79.1790768147293,115.66539710865273,40.717388921510214,27.710079642610374,23.81243564257781
250,2282,2282,21,2.2,2026-07-16 09:14:56.528610,-45.03876463848813,167.57115766167544,69.15725759012517,0.0,-8728.196909627743,True,1.0,1000,82.51163876721614,-5.400952484930679,-12.087408747853189,1.0737394871556485e+18,5.987265949826031,289.39466995093693,79.17894856235398,115.61274090019532,40.78120859660505,27.661960239269284,23.85324303535732
251,2282,2282,21,2.2,2026-07-16 09:14:56.528610,-45.03876463848813,167.57115766167544,69.15725759012517,0.0,-8728.196909627743,True,1.0,1000,82.70359555930614,-5.4335551540870926,-11.862849286606776,1.0719120268627796e+18,5.9867727624916744,289.36043392745006,79.17585825523444,115.6187609786962,40.74721804399452,27.668592986841713,23.854796486582103
252,2282,2282,21,2.2,2026-07-16 09:14:56.528610,-45.03876463848813,167.57115766167544,69.15725759012517,0.0,-8728.196909627743,True,1.0,1000,82.59695394865459,-5.448141480594248,-11.954904570751161,1.0724220219670945e+18,5.986910482367237,289.3814801655694,79.16524815803359,115.6282788689159,40.778811392731164,27.681167336065986,23.868725379052663
253,2282,2282,21,2.2,2026-07-16 09:14:56.528610,-45.03876463848813,167.57115766167544,69.15725759012517,0.0,-8728.196909627743,True,1.0,1000,82.59272579040864,-5.383034054994961,-12.024240154596392,1.0736488535251448e+18,5.987241509790429,289.3879316701612,79.18184996591415,115.61987638157252,40.76310306837236,27.66742877131123,23.841920892975274
254,2282,2282,21,2.2,2026-07-16 09:14:56.528610,-45.03876463848813,167.57115766167544,69.15725759012517,0.0,-8728.196909627743,True,1.0,1000,82.5083961532334,-5.381380431450934,-12.110223415315653,1.074667776344544e+18,5.9875161512375845,289.3560082826649,79.15875873078451,115.57858497456486,40.808225955549496,27.638102990099572,23.920143794512462
255,2282,2282,21,2.2,2026-07-16 09:14:56.528610,-45.03876463848813,167.57115766167544,69.15725759012517,0.0,-8728.196909627743,True,1.0,1000,82.6468267036246,-5.3818280590571135,-11.97134523731831,1.0733791509598433e+18,5.987168770272523,289.3908681219364,79.16933449447578,115.61917783607639,40.78887369798336,27.67135377731361,23.86755539931336
256,2282,2282,21,2.2,2026-07-16 09:14:56.528610,-45.03876463848813,167.57115766167544,69.15725759012517,0.0,-8728.196909627743,True,1.0,1000,82.6792014219836,-5.401417609779003,-11.919380968237384,1.0727394405451177e+18,5.9869961655137365,289.36544262175124,79.15855103773892,115.59737214999919,40.80161752442155,27.65535343274162,23.9060224022801
257,2282,2282,21,2.2,2026-07-16 09:14:56.528610,-45.03876463848813,167.57115766167544,69.15725759012517,0.0,-8728.196909627743,True,1.0,1000,82.53451291581528,-5.39068071135412,-12.074806372830597,1.0737709725843981e+18,5.987274439624319,289.39813469631673,79.18513985387195,115.6278296442313,40.760542237582975,27.67350495768338,23.82919404985793
258,2282,2282,21,2.2,2026-07-16 09:14:56.528610,-45.03876463848813,167.57115766167544,69.15725759012517,0.0,-8728.196909627743,True,1.0,1000,82.62284774028167,-5.348299875763085,-12.028852383955245,1.0731981254307114e+18,5.987119936941782,289.38876699262886,79.17220759467018,115.6153382452202,40.78501606781851,27.666794304507864,23.864757558120306
259,2282,2282,21,2.2,2026-07-16 09:14:56.528610,-45.03876463848813,167.57115766167544,69.15725759012517,0.0,-8728.196909627743,True,1.0,1000,82.66878812248437,-5.242661440429753,-12.088550437085875,1.0739134699441229e+18,5.987312859804292,289.36494430094433,79.15810043421438,115.6484690557895,40.75737634078689,27.702238289263196,23.867480086221917
260,2282,2282,21,2.2,2026-07-16 09:14:56.528610,-45.03876463848813,167.57115766167544,69.15725759012517,0.0,-8728.196909627743,True,1.0,1000,82.70463347219246,-5.2802847352672515,-12.015081792540292,1.0734038865638472e+18,5.987175442293645,289.39070371365636,79.16870384009694,115.59213114299608,40.813414827001615,27.646852363226543,23.889710269705652
261,2282,2282,21,2.2,2026-07-16 09:14:56.528610,-45.03876463848813,167.57115766167544,69.15725759012517,0.0,-8728.196909627743,True,1.0,1000,82.53826837944725,-5.337706744779458,-12.124024875773301,1.07421985001537e+18,5.987395448827965,289.36434549920887,79.16142156021724,115.59822816230897,40.794674028411784,27.655087090460007,23.899603725615457
262,2282,2282,21,2.2,2026-07-16 09:14:56.528610,-45.03876463848813,167.57115766167544,69.15725759012517,0.0,-8728.196909627743,True,1.0,1000,82.57924859793258,-5.301924434644229,-12.118826967423189,1.0743234630532946e+18,5.987423373838294,289.38859511045985,79.1834308169649,115.60081415414382,40.777560480926226,27.64941765533426,23.853455317299698
263,2282,2282,21,2.2,2026-07-16 09:14:56.528610,-45.03876463848813,167.57115766167544,69.15725759012517,0.0,-8728.196909627743,True,1.0,1000,82.51282060677514,-5.341005623828203,-12.146173769396672,1.0751820505049101e+18,5.987654670329477,289.3810998375006,79.1609651940552,115.62526149254991,40.78866148176421,27.679971061585775,23.879637349549334
264,2282,2282,21,2.2,2026-07-16 09:14:56.528610,-45.03876463848813,167.57115766167544,69.15725759012517,0.0,-8728.196909627743,True,1.0,1000,82.7346367952936,-5.3191450399614615,-11.946218164744954,1.0726098594296517e+18,5.986961189786801,289.37754041791834,79.18908276840389,115.63019772562924,40.730886243857064,27.674235272036203,23.81946346709813
265,2282,2282,21,2.2,2026-07-16 09:14:56.528610,-45.03876463848813,167.57115766167544,69.15725759012517,0.0,-8728.196909627743,True,1.0,1000,82.7057238658882,-5.313916245740042,-11.98035988837174,1.0725544049175388e+18,5.986946220559495,289.4035505465034,79.1819678703294,115.63006008209214,40.76965026302984,27.676700763374377,23.833835837613528
266,2282,2282,21,2.2,2026-07-16 09:14:56.528610,-45.03876463848813,167.57115766167544,69.15725759012517,0.0,-8728.196909627743,True,1.0,1000,82.58148329820393,-5.306993778677012,-12.111522923119058,1.0745960980934333e+18,5.9874968395285455,289.35551165699394,79.16907321944487,115.61528937198628,40.75736956406376,27.667893223426113,23.87108014164126
267,2282,2282,21,2.2,2026-07-16 09:14:56.528610,-45.03876463848813,167.57115766167544,69.15725759012517,0.0,-8728.196909627743,True,1.0,1000,82.53943455515238,-5.269653174755518,-12.19091227009211,1.0756246774685385e+18,5.987773838297515,289.3565715781115,79.16936303113589,115.61822070901177,40.75536043744067,27.67046809134881,23.868236759421738
268,2282,2282,21,2.2,2026-07-16 09:14:56.528610,-45.03876463848813,167.57115766167544,69.15725759012517,0.0,-8728.196909627743,True,1.0,1000,82.6276011933221,-5.270578275915512,-12.101820530762383,1.0739577103865692e+18,5.98732478688832,289.405736164556,79.17951477782137,115.63925260352323,40.76819505838953,27.686003080092497,23.831673009997914
269,2282,2282,21,2.2,2026-07-16 09:14:56.528610,-45.03876463848813,167.57115766167544,69.15725759012517,0.0,-8728.196909627743,True,1.0,1000,82.66041736717897,-5.374086772855971,-11.96549585996506,1.0726363059735977e+18,5.986968328416258,289.4029166155018,79.1789734839104,115.64257633418835,40.763446031121404,27.689240601795454,23.830198702472863
270,2282,2282,21,2.2,2026-07-16 09:14:56.528610,-45.03876463848813,167.57115766167544,69.15725759012517,0.0,-8728.196909627743,True,1.0,1000,82.46601057019197,-5.3528196610579055,-12.181169768750111,1.0756093379010378e+18,5.9877697092630635,289.3692586321885,79.15130322414849,115.59676302101028,40.818838778355044,27.657446200597448,23.921027400259327
271,2282,2282,21,2.2,2026-07-16 09:14:56.528610,-45.03876463848813,167.57115766167544,69.15725759012517,0.0,-8728.196909627743,True,1.0,1000,82.63575773427888,-5.3607478061070575,-12.003494459614059,1.0733453045444758e+18,5.987159640511201,289.3822626818843,79.15795070059443,115.60957101082556,40.80885702285203,27.66672548006176,23.897796237563295
272,2282,2282,21,2.2,2026-07-16 09:14:56.528610,-45.03876463848813,167.57115766167544,69.15725759012517,0.0,-8728.196909627743,True,1.0,1000,82.59409486315128,-5.2388839096378765,-12.167021227210835,1.0750099219248097e+18,5.987608315093211,289.35111649280157,79.14556129070054,115.61839834203234,40.791999699152825,27.679322877901697,23.915806648235602
273,2282,2282,21,2.2,2026-07-16 09:14:56.528610,-45.03876463848813,167.57115766167544,69.15725759012517,0.0,-8728.196909627743,True,1.0,1000,82.5217806614598,-5.345737434289943,-12.132481904250257,1.0750452167971674e+18,5.987617820814269,289.3830685661273,79.17664474046995,115.63077052757382,40.758000877241656,27.679290333417796,23.843960333405885
274,2282,2282,21,2.2,2026-07-16 09:14:56.528610,-45.03876463848813,167.57115766167544,69.15725759012517,0.0,-8728.196909627743,True,1.0,1000,82.39127994042455,-5.316723329404909,-12.291996730170531,1.07687688423976e+18,5.988110703126151,289.3735594784891,79.16095171495196,115.64752054838134,40.76176051135437,27.700330960498274,23.862499872410705
275,2282,2282,21,2.2,2026-07-16 09:14:56.528610,-45.03876463848813,167.57115766167544,69.15725759012517,0.0,-8728.196909627743,True,1.0,1000,82.5431526165244,-5.289918916551009,-12.1669284669246,1.0752316325875658e+18,5.987668021698455,289.3809493255855,79.16335398360567,115.62520542992293,40.78432001736419,27.679047971067746,23.874892899881885
276,2282,2282,21,2.2,2026-07-16 09:14:56.528610,-45.03876463848813,167.57115766167544,69.15725759012517,0.0,-8728.196909627743,True,1.0,1000,82.46530892816412,-5.342159494243732,-12.192531577592137,1.0763234563241884e+18,5.987961869974163,289.3745311004855,79.16506946746702,115.62163365151522,40.77796896539429,27.675155780991474,23.874210518584444
277,2282,2282,21,2.2,2026-07-16 09:14:56.528610,-45.03876463848813,167.57115766167544,69.15725759012517,0.0,-8728.196909627743,True,1.0,1000,82.65284679607832,-5.2902509722923785,-12.0569022316293,1.0731949048342561e+18,5.987119068081172,289.3909646621523,79.18047797158287,115.61123797370355,40.77609543715016,27.660027982361832,23.851334945862888
278,2282,2282,21,2.2,2026-07-16 09:14:56.528610,-45.03876463848813,167.57115766167544,69.15725759012517,0.0,-8728.196909627743,True,1.0,1000,82.54016686453777,-5.47152014459361,-11.988312990868637,1.0733791876642076e+18,5.987168780173033,289.4009568321931,79.17169161129527,115.61117379585029,40.80175141408625,27.663174223566845,23.869006468052262
279,2282,2282,21,2.2,2026-07-16 09:14:56.528610,-45.03876463848813,167.57115766167544,69.15725759012517,0.0,-8728.196909627743,True,1.0,1000,82.61940548140295,-5.4087860551008555,-11.971808463496194,1.0733364589738277e+18,5.987157254451881,289.3642626410727,79.17366169246732,115.62101677006629,40.75298278876252,27.6714570897675,23.857460897846927
280,2282,2282,21,2.2,2026-07-16 09:14:56.528610,-45.03876463848813,167.57115766167544,69.15725759012517,0.0,-8728.196909627743,True,1.0,1000,82.57943599790013,-5.328847125212236,-12.091716876887634,1.0740696004045678e+18,5.9873549498924215,289.4066367690815,79.16843668616306,115.65370630417868,40.776182122199884,27.703259860283993,23.842742413134005
281,2282,2282,21,2.2,2026-07-16 09:14:56.528610,-45.03876463848813,167.57115766167544,69.15725759012517,0.0,-8728.196909627743,True,1.0,1000,82.7298070584155,-5.224901249385904,-12.045291692198601,1.073170289468277e+18,5.987112427199716,289.3798401912933,79.18538418650817,115.62540981316475,40.7439189725956,27.67120241408289,23.83056845479973
282,2282,2282,21,2.2,2026-07-16 09:14:56.528610,-45.03876463848813,167.57115766167544,69.15725759012517,0.0,-8728.196909627743,True,1.0,1000,82.50201380774203,-5.383623892327682,-12.114362299930292,1.0748434109344484e+18,5.987563465643356,289.3767179130354,79.17062392652662,115.62004564006992,40.771677939063125,27.671676969359705,23.864300642044277
283,2282,2282,21,2.2,2026-07-16 09:14:56.528610,-45.03876463848813,167.57115766167544,69.15725759012517,0.0,-8728.196909627743,True,1.0,1000,82.56615685724522,-5.470520220168746,-11.96332292258604,1.0731023065845102e+18,5.9870940855772234,289.3993724366777,79.1724564130664,115.64016178302313,40.77356706289084,27.68940649680326,23.84511915256075
284,2282,2282,21,2.2,2026-07-16 09:14:56.528610,-45.03876463848813,167.57115766167544,69.15725759012517,0.0,-8728.196909627743,True,1.0,1000,82.5580139698987,-5.289217636719078,-12.152768393382216,1.0751257797715464e+18,5.98763951710744,289.36799293477435,79.17041237658077,115.63851093110937,40.74725111591757,27.688641638583146,23.850487307034445
285,2282,2282,21,2.2,2026-07-16 09:14:56.528610,-45.03876463848813,167.57115766167544,69.15725759012517,0.0,-8728.196909627743,True,1.0,1000,82.61306523572584,-5.296766920966083,-12.090167843308064,1.0743299851093912e+18,5.987425131523929,289.3358550150842,79.1624879705785,115.61424824050181,40.75031368796017,27.669344881007525,23.885086908691083
286,2282,2282,21,2.2,2026-07-16 09:14:56.528610,-45.03876463848813,167.57115766167544,69.15725759012517,0.0,-8728.196909627743,True,1.0,1000,82.56196897722931,-5.454783650841574,-11.983247371929114,1.0729048794007631e+18,5.987040813598587,289.38090176938795,79.17582170498436,115.6273956422426,40.760232603435504,27.676503546582175,23.848211544656458
287,2282,2282,21,2.2,2026-07-16 09:14:56.528610,-45.03876463848813,167.57115766167544,69.15725759012517,0.0,-8728.196909627743,True,1.0,1000,82.57124595104699,-5.323471840285094,-12.105282208667926,1.0747372529164484e+18,5.987534868536184,289.36072975488366,79.1672361054969,115.65464148602803,40.731591140866726,27.704552709270256,23.84442735582593
288,2282,2282,21,2.2,2026-07-16 09:14:56.528610,-45.03876463848813,167.57115766167544,69.15725759012517,0.0,-8728.196909627743,True,1.0,1000,82.50616295341769,-5.371466630780218,-12.122370415802097,1.0752228621685311e+18,5.987665660061508,289.3617134085464,79.17289657000825,115.63155274597784,40.74261848758023,27.6813720456013,23.850870906049366
289,2282,2282,21,2.2,2026-07-16 09:14:56.528610,-45.03876463848813,167.57115766167544,69.15725759012517,0.0,-8728.196909627743,True,1.0,1000,82.73497593848795,-5.371939528796151,-11.893084532715893,1.0721041081205395e+18,5.986824640105332,289.3833575569617,79.17838537070632,115.64710243400404,40.740995703245204,27.693595071887813,23.827893120076716
290,2282,2282,21,2.2,2026-07-16 09:14:56.528610,-45.03876463848813,167.57115766167544,69.15725759012517,0.0,-8728.196909627743,True,1.0,1000,82.61835608273914,-5.404438577800352,-11.977205339460506,1.0731933260036308e+18,5.987118642139323,289.3958238742263,79.1949800618435,115.62114101526663,40.74657010797783,27.66380264520852,23.814610632749645
291,2282,2282,21,2.2,2026-07-16 09:14:56.528610,-45.03876463848813,167.57115766167544,69.15725759012517,0.0,-8728.196909627743,True,1.0,1000,82.55560090095082,-5.397478745806911,-12.046920353242264,1.0743511835346848e+18,5.987430844398266,289.371673747069,79.18430041179938,115.59727332450254,40.762179288586886,27.64586213597874,23.85444390217863
292,2282,2282,21,2.2,2026-07-16 09:14:56.528610,-45.03876463848813,167.57115766167544,69.15725759012517,0.0,-8728.196909627743,True,1.0,1000,82.61112117196853,-5.344744161942582,-12.044134666088883,1.0735106029942125e+18,5.987204225527816,289.37318644721995,79.1807702909226,115.61491083400412,40.75459904505812,27.663280635333564,23.847915372344836
293,2282,2282,21,2.2,2026-07-16 09:14:56.528610,-45.03876463848813,167.57115766167544,69.15725759012517,0.0,-8728.196909627743,True,1.0,1000,82.67655999790655,-5.324560081181856,-11.998879920911595,1.0728574951729516e+18,5.987028026405302,289.3894073257536,79.1941531162705,115.6127504876034,40.74892216500678,27.65642788487246,23.822734667651673
294,2282,2282,21,2.2,2026-07-16 09:14:56.528610,-45.03876463848813,167.57115766167544,69.15725759012517,0.0,-8728.196909627743,True,1.0,1000,82.53540253134139,-5.407126599749902,-12.057470868908712,1.0742741352897395e+18,5.98741007972463,289.38758619513,79.18768006860702,115.62993761982949,40.74364923228664,27.67450810412332,23.822476583676085
295,2282,2282,21,2.2,2026-07-16 09:14:56.528610,-45.03876463848813,167.57115766167544,69.15725759012517,0.0,-8728.196909627743,True,1.0,1000,82.50773292523648,-5.340283817734386,-12.151983257029126,1.07512209184207e+18,5.987638523952222,289.39054230748303,79.170412218345,115.6272754407518,40.77958120147055,27.678366018367164,23.859148464966257
296,2282,2282,21,2.2,2026-07-16 09:14:56.528610,-45.03876463848813,167.57115766167544,69.15725759012517,0.0,-8728.196909627743,True,1.0,1000,82.6873761197735,-5.255837454332289,-12.05678642589421,1.0739075961337846e+18,5.987311276206566,289.38097334013827,79.1527902879345,115.63401081016922,40.7954155697324,27.69095541641291,23.88926626058747
297,2282,2282,21,2.2,2026-07-16 09:14:56.528610,-45.03876463848813,167.57115766167544,69.15725759012517,0.0,-8728.196909627743,True,1.0,1000,82.49276478218977,-5.310445012246047,-12.19679020556419,1.0760967463624714e+18,5.987900878856286,289.3641096987592,79.16107066174723,115.62876437101474,40.76843192205598,27.683135629405438,23.876723086291157
298,2282,2282,21,2.2,2026-07-16 09:14:56.528610,-45.03876463848813,167.57115766167544,69.15725759012517,0.0,-8728.196909627743,True,1.0,1000,82.65408481317259,-5.299226655223202,-12.046688531604211,1.0734993980525496e+18,5.987201203499144,289.3677827079393,79.17667665661001,115.62107844399077,40.75109530155062,27.670414089970812,23.85136808767374
299,2282,2282,21,2.2,2026-07-16 09:14:56.528610,-45.03876463848813,167.57115766167544,69.15725759012517,0.0,-8728.196909627743,True,1.0,1000,82.60985577934974,-5.353270442025651,-12.03687377862462,1.0731028150060273e+18,5.987094222752467,289.41208648159886,79.19595580329054,115.64857808879667,40.737259006598876,27.688550825582933,23.791540753243584
300,2282,2282,21,2.2,2026-07-16 09:14:56.528610,-45.03876463848813,167.57115766167544,69.15725759012517,0.0,-8728.196909627743,True,1.0,1000,82.55663397348093,-5.4345603703504946,-12.008805656168583,1.0734674613279508e+18,5.987192589832099,289.3954346082872,79.18436364306842,115.62260406893975,40.76376727464699,27.66900772946089,23.834777196601074
301,2282,2282,21,2.2,2026-07-16 09:14:56.528610,-45.03876463848813,167.57115766167544,69.15725759012517,0.0,-8728.196909627743,True,1.0,1000,82.50061916875529,-5.389367120581104,-12.110013710663598,1.0743134655180119e+18,5.987420679494826,289.37968338061427,79.16701562170002,115.59401942172791,40.803746503065256,27.649195487268617,23.89163717067511
302,2282,2282,21,2.2,2026-07-16 09:14:56.528610,-45.03876463848813,167.57115766167544,69.15725759012517,0.0,-8728.196909627743,True,1.0,1000,82.6825751901352,-5.226918317196606,-12.090506492668197,1.0738485726984973e+18,5.987295362822089,289.3850035112754,79.1734436116359,115.6581415936291,40.74181364285168,27.705492930679863,23.829299353943366
303,2282,2282,21,2.2,2026-07-16 09:14:56.528610,-45.03876463848813,167.57115766167544,69.15725759012517,0.0,-8728.196909627743,True,1.0,1000,82.44911894576478,-5.359489746644857,-12.191391307590353,1.0758226553390534e+18,5.987827123789338,289.3635706237815,79.15280920223415,115.5865452480238,40.819403465416954,27.647555471771167,23.92591539080678
304,2282,2282,21,2.2,2026-07-16 09:14:56.528610,-45.03876463848813,167.57115766167544,69.15725759012517,0.0,-8728.196909627743,True,1.0,1000,82.62494363146578,-5.331714513602614,-12.043341854931613,1.0741426887224468e+18,5.987374651144058,289.3662893246267,79.1589567810592,115.62410089310846,40.77842700777966,27.679642976815543,23.884558281419267
305,2282,2282,21,2.2,2026-07-16 09:14:56.528610,-45.03876463848813,167.57115766167544,69.15725759012517,0.0,-8728.196909627743,True,1.0,1000,82.62788358703278,-5.316813134431196,-12.055303278536018,1.0741348801842956e+18,5.987372546384983,289.35683315424404,79.17026452594763,115.63335600979259,40.740840241361504,27.68398090915291,23.854756453158448
306,2282,2282,21,2.2,2026-07-16 09:14:56.528610,-45.03876463848813,167.57115766167544,69.15725759012517,0.0,-8728.196909627743,True,1.0,1000,82.67543676828892,-5.342898241125287,-11.981664990585806,1.0722039415831442e+18,5.986851599616089,289.4061419596818,79.20539328006383,115.59996153445077,40.756802552240835,27.64063491450446,23.810033640815977
307,2282,2282,21,2.2,2026-07-16 09:14:56.528610,-45.03876463848813,167.57115766167544,69.15725759012517,0.0,-8728.196909627743,True,1.0,1000,82.50515277460964,-5.3333069778155195,-12.161540247574832,1.0750258028339729e+18,5.9876125922259975,289.37608802727345,79.16529209769449,115.63759114597612,40.76523222394226,27.689667391580006,23.86145665757453
308,2282,2282,21,2.2,2026-07-16 09:14:56.528610,-45.03876463848813,167.57115766167544,69.15725759012517,0.0,-8728.196909627743,True,1.0,1000,82.7878883333093,-5.248520096025562,-11.963591570665129,1.0719562992541076e+18,5.986784720474367,289.4037732268437,79.17516817145635,115.64797313759668,40.766362676928985,27.69556333748084,23.83366970335007
309,2282,2282,21,2.2,2026-07-16 09:14:56.528610,-45.03876463848813,167.57115766167544,69.15725759012517,0.0,-8728.196909627743,True,1.0,1000,82.60981312571916,-5.373117651754196,-12.017069222526654,1.0731134394543055e+18,5.987097089278925,289.3752824135349,79.18559243307979,115.60435342038441,40.75732226847587,27.65186648128371,23.846386647575784
310,2282,2282,21,2.2,2026-07-16 09:14:56.528610,-45.03876463848813,167.57115766167544,69.15725759012517,0.0,-8728.196909627743,True,1.0,1000,82.60669455326165,-5.351300744728478,-12.042004702009876,1.0741088152046367e+18,5.987365520567033,289.4165253058197,79.18366478416847,115.64135365687774,40.76979139036677,27.68641366487059,23.82173693609179
311,2282,2282,21,2.2,2026-07-16 09:14:56.528610,-45.03876463848813,167.57115766167544,69.15725759012517,0.0,-8728.196909627743,True,1.0,1000,82.53592522092751,-5.397073748948335,-12.067001030124162,1.0741029476772065e+18,5.9873639389509,289.3602928434948,79.1602777362977,115.61361486706383,40.779228097423186,27.669572823913843,23.89000704903991
312,2282,2282,21,2.2,2026-07-16 09:14:56.528610,-45.03876463848813,167.57115766167544,69.15725759012517,0.0,-8728.196909627743,True,1.0,1000,82.58638541317026,-5.322516826415268,-12.091097760414467,1.0741724552012173e+18,5.987382674434628,289.3710060672582,79.1747870050188,115.63396594015833,40.746455399785184,27.682890098136923,23.845221827517584
313,2282,2282,21,2.2,2026-07-16 09:14:56.528610,-45.03876463848813,167.57115766167544,69.15725759012517,0.0,-8728.196909627743,True,1.0,1000,82.6694726871802,-5.240292995876758,-12.090234316943043,1.0744021190287552e+18,5.987444570809754,289.3503148073443,79.17832753873797,115.58717050276175,40.760248403132174,27.63880242942948,23.874234520623773
314,2282,2282,21,2.2,2026-07-16 09:14:56.528610,-45.03876463848813,167.57115766167544,69.15725759012517,0.0,-8728.196909627743,True,1.0,1000,82.37849005016173,-5.396920260320477,-12.224589689517797,1.0760298394997489e+18,5.9878828766430425,289.3892642346238,79.17492635865733,115.65431249365948,40.74677212091753,27.701450261374934,23.829275136073772
315,2282,2282,21,2.2,2026-07-16 09:14:56.528610,-45.03876463848813,167.57115766167544,69.15725759012517,0.0,-8728.196909627743,True,1.0,1000,82.67078662072367,-5.353399510317564,-11.97581386895877,1.0730275970836943e+18,5.9870739277890666,289.3866610923037,79.1743813002625,115.60211187758243,40.79057703624881,27.65390588744256,23.87060869382523
316,2282,2282,21,2.2,2026-07-16 09:14:56.528610,-45.03876463848813,167.57115766167544,69.15725759012517,0.0,-8728.196909627743,True,1.0,1000,82.66435788241331,-5.334589385939636,-12.001052731647052,1.0730978962682711e+18,5.987092895644115,289.39378882159565,79.19826130337165,115.63824062013691,40.723844721462214,27.678253453046423,23.794867370943614
317,2282,2282,21,2.2,2026-07-16 09:14:56.528610,-45.03876463848813,167.57115766167544,69.15725759012517,0.0,-8728.196909627743,True,1.0,1000,82.46079867904947,-5.357993449280503,-12.18120787167002,1.0759774687782246e+18,5.987868784797855,289.3626267488907,79.16271905580435,115.62924224154136,40.76360734185888,27.682971077496536,23.8730509687934
318,2282,2282,21,2.2,2026-07-16 09:14:56.528610,-45.03876463848813,167.57115766167544,69.15725759012517,0.0,-8728.196909627743,True,1.0,1000,82.49637171991375,-5.379622704115686,-12.124005575970559,1.0753434616328983e+18,5.987698132551116,289.37415635317154,79.1689729781545,115.6070832423209,40.7833457923046,27.66042583392451,23.877616894448018
319,2282,2282,21,2.2,2026-07-16 09:14:56.528610,-45.03876463848813,167.57115766167544,69.15725759012517,0.0,-8728.196909627743,True,1.0,1000,82.64522743692281,-5.335250094593167,-12.019522468484032,1.0738211531091551e+18,5.987287969893713,289.3755527425033,79.18237777829219,115.63932006777911,40.73287121494282,27.68502201746112,23.8258822778263
320,2282,2282,21,2.2,2026-07-16 09:14:56.528610,-45.03876463848813,167.57115766167544,69.15725759012517,0.0,-8728.196909627743,True,1.0,1000,82.53845883433532,-5.333405808161373,-12.128135357503307,1.0747583299362173e+18,5.98754054654018,289.39467346528744,79.171272683045,115.65757202318156,40.75582867291962,27.70576259815977,23.83408626199209
321,2282,2282,21,2.2,2026-07-16 09:14:56.528610,-45.03876463848813,167.57115766167544,69.15725759012517,0.0,-8728.196909627743,True,1.0,1000,82.65990430201279,-5.389301605697069,-11.950794092290142,1.072401243164285e+18,5.986904872506789,289.3834278599928,79.1766866229469,115.5899004793435,40.793896902013856,27.641897811114095,23.875417580382965
322,2282,2282,21,2.2,2026-07-16 09:14:56.528610,-45.03876463848813,167.57115766167544,69.15725759012517,0.0,-8728.196909627743,True,1.0,1000,82.72603586771689,-5.2217344776085906,-12.052229654674514,1.0733600818103539e+18,5.987163626579073,289.38426141317217,79.1673815770871,115.61300158596369,40.79111744269096,27.666418540899027,23.876238089672878
323,2282,2282,21,2.2,2026-07-16 09:14:56.528610,-45.03876463848813,167.57115766167544,69.15725759012517,0.0,-8728.196909627743,True,1.0,1000,82.54836210073613,-5.374673155490012,-12.07696474377386,1.0745789820318546e+18,5.9874922278917895,289.3679018334355,79.18369901028478,115.63354382463174,40.72789764582062,27.6792568789748,23.827681522347618
324,2282,2282,21,2.2,2026-07-16 09:14:56.528610,-45.03876463848813,167.57115766167544,69.15725759012517,0.0,-8728.196909627743,True,1.0,1000,82.63597245661113,-5.366242756579836,-11.997784786809044,1.0733190805568883e+18,5.987152566632189,289.3740624678426,79.17394060746082,115.60102179448846,40.77971193887804,27.65306988771035,23.872334629256034
325,2282,2282,21,2.2,2026-07-16 09:14:56.528610,-45.03876463848813,167.57115766167544,69.15725759012517,0.0,-8728.196909627743,True,1.0,1000,82.62771593038373,-5.43003230837702,-11.94225176123926,1.072998952653958e+18,5.987066198703096,289.3894081273131,79.17761730844317,115.61760932781854,40.77407114096686,27.666898277390843,23.852157355564888
326,2282,2282,21,2.2,2026-07-16 09:14:56.528610,-45.03876463848813,167.57115766167544,69.15725759012517,0.0,-8728.196909627743,True,1.0,1000,82.55880813651268,-5.469888130181314,-11.971303733306002,1.0738788826603447e+18,5.987303534839227,289.36369036120516,79.16602466012036,115.59675662962566,40.78712546077422,27.652060114769338,23.89150898030422
327,2282,2282,21,2.2,2026-07-16 09:14:56.528610,-45.03876463848813,167.57115766167544,69.15725759012517,0.0,-8728.196909627743,True,1.0,1000,82.46953534657557,-5.384814351225742,-12.145650302198693,1.075299348128349e+18,5.987686255016009,289.3525308825459,79.16420427213039,115.59908615852733,40.7771672231643,27.65485494865331,23.893359508860055
328,2282,2282,21,2.2,2026-07-16 09:14:56.528610,-45.03876463848813,167.57115766167544,69.15725759012517,0.0,-8728.196909627743,True,1.0,1000,82.68505348782755,-5.288618461898458,-12.026328050273989,1.0730611980550257e+18,5.987082994028682,289.3633673651712,79.1676025941241,115.60339879587637,40.77820422586434,27.65755709293662,23.88321119959164
329,2282,2282,21,2.2,2026-07-16 09:14:56.528610,-45.03876463848813,167.57115766167544,69.15725759012517,0.0,-8728.196909627743,True,1.0,1000,82.7693249509879,-5.216786976082551,-12.013888072929555,1.072356253458666e+18,5.986892725815193,289.4030888578584,79.18051267008313,115.67733459221266,40.73069998333758,27.72047904802532,23.800387842358912
330,2282,2282,21,2.2,2026-07-16 09:14:56.528610,-45.03876463848813,167.57115766167544,69.15725759012517,0.0,-8728.196909627743,True,1.0,1000,82.5318374268426,-5.371355694147795,-12.096806879009609,1.0749264029452424e+18,5.98758582026763,289.40123345281046,79.171436992125,115.61368987384314,40.80028746725629,27.665568025932682,23.867574945037287
331,2282,2282,21,2.2,2026-07-16 09:14:56.528610,-45.03876463848813,167.57115766167544,69.15725759012517,0.0,-8728.196909627743,True,1.0,1000,82.6097407634169,-5.349433681944347,-12.040825554638758,1.073924521380107e+18,5.987315839282686,289.3781189243092,79.1711058671903,115.6202119652824,40.77207832310054,27.671653269872262,23.8632060707788
332,2282,2282,21,2.2,2026-07-16 09:14:56.528610,-45.03876463848813,167.57115766167544,69.15725759012517,0.0,-8728.196909627743,True,1.0,1000,82.60169225803779,-5.367689098915145,-12.03061864304707,1.0740965130216991e+18,5.987362204453132,289.3912266358213,79.19334487084038,115.61452744866367,40.750631582180915,27.658347823798536,23.822986736053114
333,2282,2282,21,2.2,2026-07-16 09:14:56.528610,-45.03876463848813,167.57115766167544,69.15725759012517,0.0,-8728.196909627743,True,1.0,1000,82.61342433901322,-5.335179480852608,-12.051396180134173,1.0739525931504544e+18,5.987323407322699,289.40877488947797,79.18971258849352,115.64123137058688,40.75141155193232,27.684100204065775,23.809707342329794
334,2282,2282,21,2.2,2026-07-16 09:14:56.528610,-45.03876463848813,167.57115766167544,69.15725759012517,0.0,-8728.196909627743,True,1.0,1000,82.64341581143539,-5.257699343241045,-12.098884845323557,1.0742265666406226e+18,5.987397259124163,289.3895166695539,79.17467911925569,115.61021887974955,40.7858368659951,27.66121095861435,23.86375214154829
335,2282,2282,21,2.2,2026-07-16 09:14:56.528610,-45.03876463848813,167.57115766167544,69.15725759012517,0.0,-8728.196909627743,True,1.0,1000,82.62045834169865,-5.329435569118768,-12.050106089182592,1.0737656208767826e+18,5.987272996596004,289.37707114475216,79.17208473161296,115.63522141581483,40.75622414504736,27.685023387792516,23.849670598301046
336,2282,2282,21,2.2,2026-07-16 09:14:56.528610,-45.03876463848813,167.57115766167544,69.15725759012517,0.0,-8728.196909627743,True,1.0,1000,82.45983934369413,-5.368086950330621,-12.172073705975247,1.0755933616610463e+18,5.987765408789428,289.36978603548783,79.16614140898896,115.58039204771609,40.80730155888539,27.637055810380954,23.903931600978122
337,2282,2282,21,2.2,2026-07-16 09:14:56.528610,-45.03876463848813,167.57115766167544,69.15725759012517,0.0,-8728.196909627743,True,1.0,1000,82.53440431889724,-5.339086156267113,-12.12650952483565,1.0749755361826378e+18,5.9875990539216835,289.394377330904,79.18832497494655,115.68124274062389,40.704749449248354,27.72121485028181,23.781742119857324
338,2282,2282,21,2.2,2026-07-16 09:14:56.528610,-45.03876463848813,167.57115766167544,69.15725759012517,0.0,-8728.196909627743,True,1.0,1000,82.5678864643511,-5.2764764392257195,-12.155637096423165,1.0747713987681193e+18,5.9875440671375815,289.3639599282694,79.1836248718949,115.63704069983173,40.7210464982992,27.682482729388,23.825137321646906
339,2282,2282,21,2.2,2026-07-16 09:14:56.528610,-45.03876463848813,167.57115766167544,69.15725759012517,0.0,-8728.196909627743,True,1.0,1000,82.48332260324636,-5.398082367298572,-12.118595029455056,1.0753462641881283e+18,5.987698887120998,289.3488052206098,79.1698353917778,115.5959096237844,40.766208322468216,27.649893952692402,23.884519547963336
340,2282,2282,21,2.2,2026-07-16 09:14:56.528610,-45.03876463848813,167.57115766167544,69.15725759012517,0.0,-8728.196909627743,True,1.0,1000,82.67692181359307,-5.337480080913533,-11.985598105493406,1.0735517002809718e+18,5.987215309401091,289.38891519641976,79.18571891505874,115.60717931667857,40.768268794801266,27.6544050519292,23.843952570052465
341,2282,2282,21,2.2,2026-07-16 09:14:56.528610,-45.03876463848813,167.57115766167544,69.15725759012517,0.0,-8728.196909627743,True,1.0,1000,82.51370351181382,-5.297972213996577,-12.18832427418961,1.0751371142598834e+18,5.987642569450952,289.3929044071568,79.16975487764896,115.61308587927383,40.79547221570614,27.665629477988556,23.87141418820744
342,2282,2282,21,2.2,2026-07-16 09:14:56.528610,-45.03876463848813,167.57115766167544,69.15725759012517,0.0,-8728.196909627743,True,1.0,1000,82.52771092434197,-5.273920226974011,-12.198368848684028,1.074795817981389e+18,5.987550645286269,289.3961463790751,79.20431269260945,115.59793000934151,40.75049680275795,27.639169768454742,23.81376927954962
343,2282,2282,21,2.2,2026-07-16 09:14:56.528610,-45.03876463848813,167.57115766167544,69.15725759012517,0.0,-8728.196909627743,True,1.0,1000,82.37871510217224,-5.388997991677442,-12.232286906150335,1.0768123723971092e+18,5.988093357920504,289.37307615438294,79.15625300541846,115.63187700332192,40.78323477969957,27.687740215917486,23.883975228361834
344,2282,2282,21,2.2,2026-07-16 09:14:56.528610,-45.03876463848813,167.57115766167544,69.15725759012517,0.0,-8728.196909627743,True,1.0,1000,82.56502084298806,-5.3190056983695,-12.115973458642427,1.0742599422707884e+18,5.9874062545119715,289.35553520962435,79.1662909869887,115.62579806053218,40.75317644115379,27.678518235886184,23.868548870332546
345,2282,2282,21,2.2,2026-07-16 09:14:56.528610,-45.03876463848813,167.57115766167544,69.15725759012517,0.0,-8728.196909627743,True,1.0,1000,82.60221710750609,-5.425764626791671,-11.972018265702236,1.073218484711629e+18,5.987125429459447,289.37945616445404,79.17656043129425,115.67006231816528,40.720385369975865,27.715263434056926,23.813889943282376
346,2282,2282,21,2.2,2026-07-16 09:14:56.528610,-45.03876463848813,167.57115766167544,69.15725759012517,0.0,-8728.196909627743,True,1.0,1000,82.54338306834336,-5.394066081653975,-12.062550850002667,1.0741979268441903e+18,5.987389539913742,289.40332852963934,79.1866845912055,115.59819045199394,40.7887966345667,27.64583147008987,23.848951491916196
347,2282,2282,21,2.2,2026-07-16 09:14:56.528610,-45.03876463848813,167.57115766167544,69.15725759012517,0.0,-8728.196909627743,True,1.0,1000,82.49212262221023,-5.415082368768719,-12.092795009021055,1.075073310048517e+18,5.987625386750062,289.3862600762362,79.1799858192264,115.6061980921902,40.776656031987145,27.655598081951396,23.856211223712798
348,2282,2282,21,2.2,2026-07-16 09:14:56.528610,-45.03876463848813,167.57115766167544,69.15725759012517,0.0,-8728.196909627743,True,1.0,1000,82.60080435872102,-5.43915701647545,-11.960038624803534,1.0727935809307548e+18,5.987010777497798,289.35386461037484,79.17621469618702,115.5894330684371,40.7655803604283,27.64164267997709,23.876725832194836
349,2282,2282,21,2.2,2026-07-16 09:14:56.528610,-45.03876463848813,167.57115766167544,69.15725759012517,0.0,-8728.196909627743,True,1.0,1000,82.66898691624493,-5.249215950840501,-12.081797132914561,1.0740343152388032e+18,5.987345438153455,289.39282219700715,79.1764950812249,115.63128127449727,40.7675757203705,27.679812034144003,23.84386674492262
350,2282,2282,21,2.2,2026-07-16 09:14:56.528610,-45.03876463848813,167.57115766167544,69.15725759012517,0.0,-8728.196909627743,True,1.0,1000,82.45101786766178,-5.418725330527089,-12.13025680181114,1.0749889272515494e+18,5.987602660596699,289.3803328255278,79.1631653965428,115.61784890499925,40.79044960025955,27.67238992273122,23.880948716809
351,2282,2282,21,2.2,2026-07-16 09:14:56.528610,-45.03876463848813,167.57115766167544,69.15725759012517,0.0,-8728.196909627743,True,1.0,1000,82.71934836380734,-5.303768057648471,-11.9768835785442,1.0730660785641334e+18,5.987084310867744,289.38885560580576,79.1845412550923,115.65746658875089,40.72656708764646,27.70083565613392,23.80758479332639
352,2282,2282,21,2.2,2026-07-16 09:14:56.528610,-45.03876463848813,167.57115766167544,69.15725759012517,0.0,-8728.196909627743,True,1.0,1000,82.59956483191488,-5.298625823241972,-12.10180934484315,1.0740832840924933e+18,5.987358638487835,289.36935254588167,79.16136597365394,115.62343399835461,40.777795491219514,27.67815372139608,23.880244472825996
353,2282,2282,21,2.2,2026-07-16 09:14:56.528610,-45.03876463848813,167.57115766167544,69.15725759012517,0.0,-8728.196909627743,True,1.0,1000,82.61387972700543,-5.407966582309428,-11.978153690685149,1.0732248080961441e+18,5.987127135358077,289.3710463421257,79.16503486677526,115.62888412278198,40.768228929950624,27.68179864117814,23.868686008463413
354,2282,2282,21,2.2,2026-07-16 09:14:56.528610,-45.03876463848813,167.57115766167544,69.15725759012517,0.0,-8728.196909627743,True,1.0,1000,82.58849107215964,-5.357865757740758,-12.05364317009961,1.0736829007358575e+18,5.9872506911171035,289.3852064258715,79.18188845229639,115.62733343273622,40.75381946783238,27.674235596809556,23.8360959712174
355,2282,2282,21,2.2,2026-07-16 09:14:56.528610,-45.03876463848813,167.57115766167544,69.15725759012517,0.0,-8728.196909627743,True,1.0,1000,82.65181822500739,-5.336263565821698,-12.011918209170918,1.0731585321583652e+18,5.987109255188192,289.37889570755624,79.17271979451549,115.58377237842437,40.8017646321968,27.637742858814217,23.8881155935693
356,2282,2282,21,2.2,2026-07-16 09:14:56.528610,-45.03876463848813,167.57115766167544,69.15725759012517,0.0,-8728.196909627743,True,1.0,1000,82.62811576684007,-5.344977216913448,-12.02690701624649,1.0731184456775104e+18,5.987098439971818,289.39078801174327,79.17488443623795,115.63832121432779,40.76227504860045,27.6868381561012,23.84167099568604
357,2282,2282,21,2.2,2026-07-16 09:14:56.528610,-45.03876463848813,167.57115766167544,69.15725759012517,0.0,-8728.196909627743,True,1.0,1000,82.64364722578217,-5.284492985629059,-12.071859788588766,1.073656597264168e+18,5.987243598028116,289.3867252081866,79.17550982338233,115.6160557095856,40.776484448170855,27.66624591480501,23.857582075794515
358,2282,2282,21,2.2,2026-07-16 09:14:56.528610,-45.03876463848813,167.57115766167544,69.15725759012517,0.0,-8728.196909627743,True,1.0,1000,82.44622311029858,-5.496550670181435,-12.057226219519977,1.0742463306739904e+18,5.987402585953057,289.3991277710898,79.16735854237595,115.63148016791735,40.789925480338034,27.683325092878103,23.862026843752723
359,2282,2282,21,2.2,2026-07-16 09:14:56.528610,-45.03876463848813,167.57115766167544,69.15725759012517,0.0,-8728.196909627743,True,1.0,1000,82.51362628286712,-5.389393913019216,-12.096979804113666,1.074402358560342e+18,5.987444635358668,289.3588497727673,79.15474859056398,115.61515787058626,40.78625495702678,27.67300311462337,23.89989856045213
360,2282,2282,21,2.2,2026-07-16 09:14:56.528610,-45.03876463848813,167.57115766167544,69.15725759012517,0.0,-8728.196909627743,True,1.0,1000,82.62793910580831,-5.267965905845267,-12.104094988346423,1.0740379193020311e+18,5.987346409706615,289.3927251603303,79.19488044609389,115.6215022806794,40.7433341984765,27.664169419023548,23.81453219654704
361,2282,2282,21,2.2,2026-07-16 09:14:56.528610,-45.03876463848813,167.57115766167544,69.15725759012517,0.0,-8728.196909627743,True,1.0,1000,82.61860735222677,-5.2596682450305625,-12.12172440274267,1.0744695466903773e+18,5.987462740631522,289.37085555224473,79.18369704639376,115.60003373951648,40.76002782494528,27.6486068081024,23.853523557015983
362,2282,2282,21,2.2,2026-07-16 09:14:56.528610,-45.03876463848813,167.57115766167544,69.15725759012517,0.0,-8728.196909627743,True,1.0,1000,82.62104624501748,-5.373505615985079,-12.005448138997448,1.0735619850129014e+18,5.987218083110656,289.36489830862604,79.18644731338101,115.61964706615723,40.73210315645136,27.665543704694347,23.832877316955543
363,2282,2282,21,2.2,2026-07-16 09:14:56.528610,-45.03876463848813,167.57115766167544,69.15725759012517,0.0,-8728.196909627743,True,1.0,1000,82.5319951399411,-5.366521956103724,-12.101482903955182,1.074892534215748e+18,5.987576697637455,289.38626229260245,79.17094211155074,115.61418498592953,40.78576373628409,27.666201361119757,23.868185159200433
364,2282,2282,21,2.2,2026-07-16 09:14:56.528610,-45.03876463848813,167.57115766167544,69.15725759012517,0.0,-8728.196909627743,True,1.0,1000,82.6847435852993,-5.278137308324784,-12.037119106375927,1.0735000096889494e+18,5.9872013684613465,289.3670703701769,79.19099233056185,115.62422637489779,40.722217557846534,27.668077227113425,23.82023289022979
365,2282,2282,21,2.2,2026-07-16 09:14:56.528610,-45.03876463848813,167.57115766167544,69.15725759012517,0.0,-8728.196909627743,True,1.0,1000,82.50379799747652,-5.413147790675517,-12.08305421184796,1.0746104084341432e+18,5.987500695154323,289.41252731308936,79.17903964158674,115.63535123389111,40.77922277145819,27.682607502174953,23.83563015506135
366,2282,2282,21,2.2,2026-07-16 09:14:56.528610,-45.03876463848813,167.57115766167544,69.15725759012517,0.0,-8728.196909627743,True,1.0,1000,82.49156371535406,-5.331251825885027,-12.177184458760902,1.0752102661210853e+18,5.987662268252463,289.376975024684,79.17487575634009,115.61616170307143,40.76776806607016,27.66657410723817,23.858771810626305
367,2282,2282,21,2.2,2026-07-16 09:14:56.528610,-45.03876463848813,167.57115766167544,69.15725759012517,0.0,-8728.196909627743,True,1.0,1000,82.60971468015765,-5.3393205711835,-12.050964748658844,1.0737434256748664e+18,5.987267011830391,289.3561081128465,79.18251127897939,115.59634250897437,40.75060532194821,27.645663443795662,23.858752822976005
368,2282,2282,21,2.2,2026-07-16 09:14:56.528610,-45.03876463848813,167.57115766167544,69.15725759012517,0.0,-8728.196909627743,True,1.0,1000,82.64654748029541,-5.314753553809338,-12.03869896589524,1.0738360806169152e+18,5.987291994703722,289.36115616147674,79.16350484624178,115.58612565106607,40.798350005500524,27.643261223967894,23.90478515848703
369,2282,2282,21,2.2,2026-07-16 09:14:56.528610,-45.03876463848813,167.57115766167544,69.15725759012517,0.0,-8728.196909627743,True,1.0,1000,82.43580181044764,-5.332383405122238,-12.231814784430103,1.0765909619100265e+18,5.988033819699258,289.3750970973605,79.15629522273596,115.60198381962503,40.81125257338676,27.660393877979015,23.906979889500423
370,2282,2282,21,2.2,2026-07-16 09:14:56.528610,-45.03876463848813,167.57115766167544,69.15725759012517,0.0,-8728.196909627743,True,1.0,1000,82.61793238441757,-5.313822625960309,-12.068244989622134,1.074227947253835e+18,5.987397631232079,289.3649190396023,79.17347229166626,115.6349428765712,40.7418517641006,27.684262837308854,23.84710419269707
371,2282,2282,21,2.2,2026-07-16 09:14:56.528610,-45.03876463848813,167.57115766167544,69.15725759012517,0.0,-8728.196909627743,True,1.0,1000,82.54721801747584,-5.411430253945133,-12.041351728579022,1.0746434579625619e+18,5.987509599471024,289.3593759446636,79.16081970990963,115.61422409148396,40.7768176585466,27.66993194237582,23.888450014064905
372,2282,2282,21,2.2,2026-07-16 09:14:56.528610,-45.03876463848813,167.57115766167544,69.15725759012517,0.0,-8728.196909627743,True,1.0,1000,82.51483109402517,-5.394387262817811,-12.090781643157015,1.0744657717315208e+18,5.9874617234184635,289.383472968343,79.16163111825789,115.61118741905494,40.80212226164481,27.666859110368346,23.889168746408345
373,2282,2282,21,2.2,2026-07-16 09:14:56.528610,-45.03876463848813,167.57115766167544,69.15725759012517,0.0,-8728.196909627743,True,1.0,1000,82.59836694490647,-5.404287571861867,-11.997345483231657,1.0731158577811668e+18,5.987097741751,289.389417227383,79.18350040424829,115.60282865011324,40.776503528889826,27.651234713448797,23.851760775303347
374,2282,2282,21,2.2,2026-07-16 09:14:56.528610,-45.03876463848813,167.57115766167544,69.15725759012517,0.0,-8728.196909627743,True,1.0,1000,82.58943878742942,-5.307369662883721,-12.103191549686857,1.0743592356167622e+18,5.987433014366375,289.3561965265343,79.17087110503154,115.60615115783371,40.76282694271578,27.658880687970882,23.8745299634788
375,2282,2282,21,2.2,2026-07-16 09:14:56.528610,-45.03876463848813,167.57115766167544,69.15725759012517,0.0,-8728.196909627743,True,1.0,1000,82.73423617186529,-5.24759561539496,-12.01816821273976,1.0724688042800733e+18,5.986923112256604,289.4148421343693,79.17917645104777,115.64058316947207,40.776744449115604,27.687343438523598,23.83132655697206
376,2282,2282,21,2.2,2026-07-16 09:14:56.528610,-45.03876463848813,167.57115766167544,69.15725759012517,0.0,-8728.196909627743,True,1.0,1000,82.50304976751222,-5.429698271258115,-12.067251961229664,1.0745010174387269e+18,5.987471220705706,289.3723145507487,79.16225532329285,115.61142522191074,40.789648061904046,27.666848601577602,23.88773358646509
377,2282,2282,21,2.2,2026-07-16 09:14:56.528610,-45.03876463848813,167.57115766167544,69.15725759012517,0.0,-8728.196909627743,True,1.0,1000,82.57378393783524,-5.420424362636883,-12.005791699527878,1.0737361474549526e+18,5.987265049287395,289.36306862239417,79.17188423041766,115.61564525672027,40.75962446366438,27.667193036199055,23.865169048882755
378,2282,2282,21,2.2,2026-07-16 09:14:56.528610,-45.03876463848813,167.57115766167544,69.15725759012517,0.0,-8728.196909627743,True,1.0,1000,82.64632039218077,-5.466133949420913,-11.88754565839831,1.0719892231978806e+18,5.9867936129186665,289.39288377776677,79.18640763134637,115.63666682708032,40.74535512330222,27.681127391034277,23.819846345557153
379,2282,2282,21,2.2,2026-07-16 09:14:56.528610,-45.03876463848813,167.57115766167544,69.15725759012517,0.0,-8728.196909627743,True,1.0,1000,82.56287994288972,-5.1619064447978396,-12.275213612312436,1.0758509434517914e+18,5.987834736698205,289.3573149351677,79.15416875514384,115.61730612085483,40.78387540500485,27.675178988947856,23.899401164958732
380,2282,2282,21,2.2,2026-07-16 09:14:56.528610,-45.03876463848813,167.57115766167544,69.15725759012517,0.0,-8728.196909627743,True,1.0,1000,82.7641556611622,-5.238915340914612,-11.996928997923181,1.0727984548510039e+18,5.987012092887139,289.3731430464302,79.17313461319978,115.63001722951002,40.754962175691496,27.679880880176725,23.85157737351617
381,2282,2282,21,2.2,2026-07-16 09:14:56.528610,-45.03876463848813,167.57115766167544,69.15725759012517,0.0,-8728.196909627743,True,1.0,1000,82.64207459554129,-5.2933780785573905,-12.064547325901305,1.074089721547104e+18,5.987360373761489,289.3517933885048,79.17823961572672,115.61351639434031,40.73891589268416,27.662928018205257,23.854066629973318
382,2282,2282,21,2.2,2026-07-16 09:14:56.528610,-45.03876463848813,167.57115766167544,69.15725759012517,0.0,-8728.196909627743,True,1.0,1000,82.48518681372384,-5.361961972940228,-12.152851213335936,1.0752833649316223e+18,5.98768195142945,289.35649688062256,79.17460319002886,115.64020040492393,40.72684832120584,27.688659480865304,23.840787129385028
383,2282,2282,21,2.2,2026-07-16 09:14:56.528610,-45.03876463848813,167.57115766167544,69.15725759012517,0.0,-8728.196909627743,True,1.0,1000,82.50481417641043,-5.395364045902401,-12.099821777687156,1.0744034958315978e+18,5.987444941830053,289.3900949259399,79.17377388169841,115.648949007032,40.754309565962444,27.696963894705178,23.83571220147079
384,2282,2282,21,2.2,2026-07-16 09:14:56.528610,-45.03876463848813,167.57115766167544,69.15725759012517,0.0,-8728.196909627743,True,1.0,1000,82.56405203820508,-5.395813480065753,-12.040134481729176,1.0734541891407104e+18,5.987189010109675,289.3726988437253,79.16829213468448,115.6032458754927,40.786444156943006,27.65716550857322,23.88194639637735
385,2282,2282,21,2.2,2026-07-16 09:14:56.528610,-45.03876463848813,167.57115766167544,69.15725759012517,0.0,-8728.196909627743,True,1.0,1000,82.47253975242047,-5.437914555296859,-12.089545692282663,1.0745046668861245e+18,5.987472204065825,289.369538609468,79.16146393390386,115.621974237943,40.77907994392853,27.676783172891007,23.881174818031326
386,2282,2282,21,2.2,2026-07-16 09:14:56.528610,-45.03876463848813,167.57115766167544,69.15725759012517,0.0,-8728.196909627743,True,1.0,1000,82.63984393591616,-5.231363930522917,-12.128792133560937,1.0738783353320684e+18,5.9873033872734185,289.38080311438205,79.17447015518397,115.6317004753543,40.75878639385924,27.68093352170792,23.847602809761803
387,2282,2282,21,2.2,2026-07-16 09:14:56.528610,-45.03876463848813,167.57115766167544,69.15725759012517,0.0,-8728.196909627743,True,1.0,1000,82.54884981711062,-5.375951373865728,-12.07519880902366,1.0740982401511274e+18,5.987362670011653,289.3835166916078,79.17251908695025,115.61464776107006,40.77981420406825,27.666049217031144,23.86466579247988
388,2282,2282,21,2.2,2026-07-16 09:14:56.528610,-45.03876463848813,167.57115766167544,69.15725759012517,0.0,-8728.196909627743,True,1.0,1000,82.54429624176366,-5.393230091065345,-12.062473667170991,1.0738878892332998e+18,5.987305963100984,289.37798612785684,79.17270674296259,115.6281057475195,40.762228846614356,27.67828866399168,23.85390868764058
389,2282,2282,21,2.2,2026-07-16 09:14:56.528610,-45.03876463848813,167.57115766167544,69.15725759012517,0.0,-8728.196909627743,True,1.0,1000,82.69680940858919,-5.318664785204971,-11.984525806205834,1.073171388880054e+18,5.9871127238088855,289.3404837144929,79.16398604858742,115.61436743383557,40.75217852746925,27.668906935643886,23.881991477298623
390,2282,2282,21,2.2,2026-07-16 09:14:56.528610,-45.03876463848813,167.57115766167544,69.15725759012517,0.0,-8728.196909627743,True,1.0,1000,82.77352584318686,-5.3306719884839024,-11.895802168329231,1.0719619481881597e+18,5.986786246217178,289.34904647108516,79.17265747549216,115.6056259763769,40.75296132272898,27.657748480151895,23.871352671408122
391,2282,2282,21,2.2,2026-07-16 09:14:56.528610,-45.03876463848813,167.57115766167544,69.15725759012517,0.0,-8728.196909627743,True,1.0,1000,82.65721521358843,-5.339488538392809,-12.00329624801876,1.0732956842341999e+18,5.987146255365409,289.3864307194693,79.17331480193529,115.65020505586698,40.75036772847211,27.698280052303154,23.83566510336657
392,2282,2282,21,2.2,2026-07-16 09:14:56.528610,-45.03876463848813,167.57115766167544,69.15725759012517,0.0,-8728.196909627743,True,1.0,1000,82.50237203598078,-5.443150953894779,-12.054477010124426,1.0739854767372137e+18,5.987332272358102,289.38032000989676,79.16828400195307,115.62256821603967,40.7772369054383,27.674837486020145,23.867045498954138
393,2282,2282,21,2.2,2026-07-16 09:14:56.528610,-45.03876463848813,167.57115766167544,69.15725759012517,0.0,-8728.196909627743,True,1.0,1000,82.54839424175145,-5.31241741275211,-12.139188345496455,1.0744016236386537e+18,5.987444437312104,289.36610463640307,79.1799467491699,115.61450070747998,40.74933732947444,27.66320578217694,23.84988344676603
394,2282,2282,21,2.2,2026-07-16 09:14:56.528610,-45.03876463848813,167.57115766167544,69.15725759012517,0.0,-8728.196909627743,True,1.0,1000,82.57276984207594,-5.345850480807657,-12.081379677116402,1.0743488479371843e+18,5.9874302149714245,289.3553088204527,79.15246577867022,115.619367126542,40.78309406939221,27.677685395481213,23.90122213399889
395,2282,2282,21,2.2,2026-07-16 09:14:56.528610,-45.03876463848813,167.57115766167544,69.15725759012517,0.0,-8728.196909627743,True,1.0,1000,82.5331454011644,-5.371663621505351,-12.095190977330242,1.0746902776515922e+18,5.987522213322628,289.35733107283363,79.17223409054164,115.60020878457429,40.76672175082622,27.65294931979501,23.87638587337858
396,2282,2282,21,2.2,2026-07-16 09:14:56.528610,-45.03876463848813,167.57115766167544,69.15725759012517,0.0,-8728.196909627743,True,1.0,1000,82.60608480527893,-5.331539922252494,-12.062375272468579,1.0733799891664228e+18,5.987168996367436,289.42650182821313,79.18943987355898,115.6291759864121,40.780101923437094,27.6731705328917,23.81953418283485
397,2282,2282,21,2.2,2026-07-16 09:14:56.528610,-45.03876463848813,167.57115766167544,69.15725759012517,0.0,-8728.196909627743,True,1.0,1000,82.64048259381225,-5.43361715413422,-11.925900252053536,1.0721661190510812e+18,5.986841386132096,289.3983423155274,79.17158801413409,115.63364209115628,40.77975143026782,27.68376001631289,23.851883326971823
398,2282,2282,21,2.2,2026-07-16 09:14:56.528610,-45.03876463848813,167.57115766167544,69.15725759012517,0.0,-8728.196909627743,True,1.0,1000,82.54521073761809,-5.267002870056284,-12.187786392325625,1.0754529993067231e+18,5.987727623398318,289.3810549757953,79.17443505432176,115.63283659940802,40.7581118021241,27.681985446015293,23.84679757914363
399,2282,2282,21,2.2,2026-07-16 09:14:56.528610,-45.03876463848813,167.57115766167544,69.15725759012517,0.0,-8728.196909627743,True,1.0,1000,82.6468782967083,-5.336236712247377,-12.016884991044316,1.073884900162309e+18,5.987305157219937,289.39408859633096,79.18530125281731,115.60523959547952,40.77587398690904,27.652783165606454,23.84628708492918
400,2282,2282,21,2.2,2026-07-16 09:14:56.528610,-45.03876463848813,167.57115766167544,69.15725759012517,0.0,-8728.196909627743,True,1.0,1000,82.65694387224224,-5.367159824747299,-11.975896303010463,1.0731176984955233e+18,5.9870982383804465,289.38755614310645,79.17163197481734,115.61228317343505,40.78748977603464,27.66421048259636,23.868269714955268
401,2282,2282,21,2.2,2026-07-16 09:14:56.528610,-45.03876463848813,167.57115766167544,69.15725759012517,0.0,-8728.196909627743,True,1.0,1000,82.66636089790728,-5.333409217214184,-12.000229884878532,1.0733254405491607e+18,5.987154282245881,289.4095694647051,79.18370309115593,115.62888193763051,40.77361297859293,27.67499092218901,23.83126431711378
402,2282,2282,21,2.2,2026-07-16 09:14:56.528610,-45.03876463848813,167.57115766167544,69.15725759012517,0.0,-8728.196909627743,True,1.0,1000,82.42565654083657,-5.381069463541422,-12.193273995622002,1.0758547836361797e+18,5.987835770154823,289.37250321662754,79.17290680126557,115.62268148736688,40.76111394047553,27.673254866344596,23.857690427461584
403,2282,2282,21,2.2,2026-07-16 09:14:56.528610,-45.03876463848813,167.57115766167544,69.15725759012517,0.0,-8728.196909627743,True,1.0,1000,82.62268947970563,-5.365451920628771,-12.011858599665599,1.0733811702443667e+18,5.987169314946974,289.37356453810827,79.18656660202775,115.63945276375874,40.72333189223978,27.683618166924486,23.817383078035064
404,2282,2282,21,2.2,2026-07-16 09:14:56.528610,-45.03876463848813,167.57115766167544,69.15725759012517,0.0,-8728.196909627743,True,1.0,1000,82.47237198923447,-5.41643267983179,-12.11119533093373,1.0752501771983471e+18,5.9876730151978,289.36909554393117,79.16066507059944,115.611982019735,40.788767149752736,27.667938423441118,23.89049175721583
405,2282,2282,21,2.2,2026-07-16 09:14:56.528610,-45.03876463848813,167.57115766167544,69.15725759012517,0.0,-8728.196909627743,True,1.0,1000,82.66162940344582,-5.2526790451196455,-12.08569155143454,1.07419968995556e+18,5.987390015126542,289.37828416908616,79.17747147107404,115.6168815136226,40.76384006291467,27.666285803970492,23.85301120168406
406,2282,2282,21,2.2,2026-07-16 09:14:56.528610,-45.03876463848813,167.57115766167544,69.15725759012517,0.0,-8728.196909627743,True,1.0,1000,82.51283901978397,-5.406500714845711,-12.080660265370327,1.0750787470692435e+18,5.987626850998814,289.3715296237051,79.16637528652211,115.61217714903886,40.78089139384323,27.666031970110975,23.878892345875233
407,2282,2282,21,2.2,2026-07-16 09:14:56.528610,-45.03876463848813,167.57115766167544,69.15725759012517,0.0,-8728.196909627743,True,1.0,1000,82.72847102995539,-5.299822670580695,-11.971706299463921,1.0732732161536082e+18,5.987140194366751,289.3776436764017,79.18063184617657,115.60941090537004,40.76409262802562,27.658300847160945,23.852435975437388
408,2282,2282,21,2.2,2026-07-16 09:14:56.528610,-45.03876463848813,167.57115766167544,69.15725759012517,0.0,-8728.196909627743,True,1.0,1000,82.56169173819542,-5.263824988203788,-12.174483273600792,1.0751221529640753e+18,5.9876385404123385,289.349224212318,79.16834701805254,115.58796100465564,40.77620950943542,27.643169892618456,23.893650631669928
409,2282,2282,21,2.2,2026-07-16 09:14:56.528610,-45.03876463848813,167.57115766167544,69.15725759012517,0.0,-8728.196909627743,True,1.0,1000,82.54929316057287,-5.403495711110153,-12.047211128316963,1.0743638624838364e+18,5.987434261260614,289.38614824036966,79.1787273638866,115.6146221432714,40.77144121313336,27.66376146084575,23.852235373741834
410,2282,2282,21,2.2,2026-07-16 09:14:56.528610,-45.03876463848813,167.57115766167544,69.15725759012517,0.0,-8728.196909627743,True,1.0,1000,82.52372255320722,-5.296267475227563,-12.180009971565207,1.0759098240036577e+18,5.987850582015313,289.36811120488517,79.16518499835547,115.61360140082263,40.77834495792236,27.66776880197145,23.88017917602989
411,2282,2282,21,2.2,2026-07-16 09:14:56.528610,-45.03876463848813,167.57115766167544,69.15725759012517,0.0,-8728.196909627743,True,1.0,1000,82.68146397142344,-5.4036449434865785,-11.914891085089977,1.0722058625684009e+18,5.986852118343617,289.4421964948218,79.18194234576463,115.67461489138765,40.76963259565949,27.717470660212634,23.799613452004234
412,2282,2282,21,2.2,2026-07-16 09:14:56.528610,-45.03876463848813,167.57115766167544,69.15725759012517,0.0,-8728.196909627743,True,1.0,1000,82.62573093463472,-5.275397345393955,-12.098871719971342,1.0748455730644641e+18,5.987564048053891,289.3958317654292,79.17364589911544,115.63510243814383,40.77231751020502,27.684345497374824,23.846633273803477
413,2282,2282,21,2.2,2026-07-16 09:14:56.528610,-45.03876463848813,167.57115766167544,69.15725759012517,0.0,-8728.196909627743,True,1.0,1000,82.61586717995836,-5.260456214974964,-12.123676605066676,1.0739516880397379e+18,5.987323163311459,289.3825434024657,79.18549270944972,115.62315991060302,40.74838702025283,27.669104805001165,23.83208452421327
414,2282,2282,21,2.2,2026-07-16 09:14:56.528610,-45.03876463848813,167.57115766167544,69.15725759012517,0.0,-8728.196909627743,True,1.0,1000,82.69427118014485,-5.361543965633041,-11.944184854222097,1.0722873106006106e+18,5.986874111065197,289.3807188714163,79.17047252135687,115.60517962594774,40.78890444676663,27.658137773443833,23.876079672491343
415,2282,2282,21,2.2,2026-07-16 09:14:56.528610,-45.03876463848813,167.57115766167544,69.15725759012517,0.0,-8728.196909627743,True,1.0,1000,82.52090805011755,-5.367767401482833,-12.111324548399622,1.0743549801980589e+18,5.9874318675690015,289.3988599431859,79.19143888394377,115.60506542041801,40.76988840830343,27.650386725957826,23.83410626915097
416,2282,2282,21,2.2,2026-07-16 09:14:56.528610,-45.03876463848813,167.57115766167544,69.15725759012517,0.0,-8728.196909627743,True,1.0,1000,82.57129005604834,-5.436562294715636,-11.992147649236019,1.0733229407584102e+18,5.987153607926268,289.39270201735764,79.17213796947487,115.60945876191028,40.79419859733957,27.66144299992216,23.869435289731985
417,2282,2282,21,2.2,2026-07-16 09:14:56.528610,-45.03876463848813,167.57115766167544,69.15725759012517,0.0,-8728.196909627743,True,1.0,1000,82.65839043835076,-5.331092487350633,-12.010517074298606,1.0737172171402982e+18,5.987259944741189,289.3626607931925,79.17271763190871,115.6126965711115,40.760305914506546,27.664192419684923,23.865773506717083
418,2282,2282,21,2.2,2026-07-16 09:14:56.528610,-45.03876463848813,167.57115766167544,69.15725759012517,0.0,-8728.196909627743,True,1.0,1000,82.553844965219,-5.3709859878729045,-12.075169046908096,1.0738772908467965e+18,5.9873031056683255,289.3918307064701,79.18097255445903,115.64354195507657,40.74797284454186,27.68939585584431,23.825448730238445
419,2282,2282,21,2.2,2026-07-16 09:14:56.528610,-45.03876463848813,167.57115766167544,69.15725759012517,0.0,-8728.196909627743,True,1.0,1000,82.72278261340101,-5.240882724355188,-12.036334662243805,1.0732000092485989e+18,5.987120445161701,289.3727825001012,79.15996212123954,115.60665242914794,40.798351523112814,27.66332231828617,23.896018773801604
420,2282,2282,21,2.2,2026-07-16 09:14:56.528610,-45.03876463848813,167.57115766167544,69.15725759012517,0.0,-8728.196909627743,True,1.0,1000,82.54263244029892,-5.277738667022864,-12.179628892678217,1.075393335285095e+18,5.98771156041576,289.3752971730213,79.16530145908472,115.634897531199,40.76676986065624,27.68720061533777,23.863514456823538
421,2282,2282,21,2.2,2026-07-16 09:14:56.528610,-45.03876463848813,167.57115766167544,69.15725759012517,0.0,-8728.196909627743,True,1.0,1000,82.63656264446807,-5.42130208673777,-11.942135268794166,1.073234784534973e+18,5.9871298267433675,289.38525326101416,79.1655555414204,115.64814255113657,40.76474767128803,27.699221194142403,23.852798355266724
422,2282,2282,21,2.2,2026-07-16 09:14:56.528610,-45.03876463848813,167.57115766167544,69.15725759012517,0.0,-8728.196909627743,True,1.0,1000,82.71259385497035,-5.197236480634491,-12.090169664395175,1.0736482518982971e+18,5.98724134755036,289.35842414366783,79.16310734966106,115.6332695288214,40.755207844442104,27.68651219073511,23.86916658054277
423,2282,2282,21,2.2,2026-07-16 09:14:56.528610,-45.03876463848813,167.57115766167544,69.15725759012517,0.0,-8728.196909627743,True,1.0,1000,82.4951706202983,-5.447209910147506,-12.057619469554192,1.0742950649244947e+18,5.98741572045514,289.399342464444,79.1743702278071,115.60045996410294,40.80471845178183,27.652399324386028,23.871906745905346
424,2282,2282,21,2.2,2026-07-16 09:14:56.528610,-45.03876463848813,167.57115766167544,69.15725759012517,0.0,-8728.196909627743,True,1.0,1000,82.64616063640266,-5.3750724278819915,-11.97876693571534,1.0730351306051379e+18,5.987075960514237,289.3772230258964,79.19337040566626,115.62168009724316,40.73036023625902,27.664881891547648,23.817424331382988
425,2282,2282,21,2.2,2026-07-16 09:14:56.528610,-45.03876463848813,167.57115766167544,69.15725759012517,0.0,-8728.196909627743,True,1.0,1000,82.49422854277312,-5.349137914000755,-12.156633543226134,1.0748247780155049e+18,5.9875584464663385,289.3905350558463,79.17318529357281,115.61368971262225,40.7864841455998,27.664930034867446,23.864069196786613
426,2282,2282,21,2.2,2026-07-16 09:14:56.528610,-45.03876463848813,167.57115766167544,69.15725759012517,0.0,-8728.196909627743,True,1.0,1000,82.43993580441908,-5.42365074206785,-12.136413453513077,1.0761615221493263e+18,5.987918306607846,289.3632423562217,79.1586666955818,115.63241825756404,40.76864692131019,27.6873541263968,23.87872139124553
427,2282,2282,21,2.2,2026-07-16 09:14:56.528610,-45.03876463848813,167.57115766167544,69.15725759012517,0.0,-8728.196909627743,True,1.0,1000,82.50952232647546,-5.344762682740107,-12.145714990784434,1.0749649806936964e+18,5.987596210934128,289.3530700298184,79.147126479085,115.64584608279569,40.767244353829696,27.703844575922,23.891479863090797
428,2282,2282,21,2.2,2026-07-16 09:14:56.528610,-45.03876463848813,167.57115766167544,69.15725759012517,0.0,-8728.196909627743,True,1.0,1000,82.59276645052397,-5.387021352271907,-12.02021219720412,1.0733832431338816e+18,5.987169874079576,289.3906023632785,79.18544640387361,115.61519181123656,40.763463213732905,27.661833165148725,23.838319524012213
429,2282,2282,21,2.2,2026-07-16 09:14:56.528610,-45.03876463848813,167.57115766167544,69.15725759012517,0.0,-8728.196909627743,True,1.0,1000,82.58524652390709,-5.353398995950495,-12.061354480142409,1.0738741717031841e+18,5.987302264710153,289.39294602035443,79.18037965804629,115.61327016523238,40.77648140507426,27.66192247726344,23.849964391532513
430,2282,2282,21,2.2,2026-07-16 09:14:56.528610,-45.03876463848813,167.57115766167544,69.15725759012517,0.0,-8728.196909627743,True,1.0,1000,82.68415348445124,-5.380477704248513,-11.935368811300238,1.0726849967037164e+18,5.986981470886113,289.3769325102158,79.16599335791908,115.61823472477282,40.78169219506654,27.671710520809096,23.874981644555458
431,2282,2282,21,2.2,2026-07-16 09:14:56.528610,-45.03876463848813,167.57115766167544,69.15725759012517,0.0,-8728.196909627743,True,1.0,1000,82.53688409658827,-5.320826799633646,-12.142289103778078,1.0749946657480806e+18,5.987604206157255,289.36934966237857,79.16470239245584,115.61488375127824,40.77932240010637,27.669117546625266,23.880156643262715
432,2282,2282,21,2.2,2026-07-16 09:14:56.528610,-45.03876463848813,167.57115766167544,69.15725759012517,0.0,-8728.196909627743,True,1.0,1000,82.54607558135011,-5.37652564193055,-12.077398776719345,1.0745131050046738e+18,5.987474477742276,289.38294547749035,79.1826856383049,115.63605970352936,40.74255244917299,27.6819274089371,23.82777560267521
433,2282,2282,21,2.2,2026-07-16 09:14:56.528610,-45.03876463848813,167.57115766167544,69.15725759012517,0.0,-8728.196909627743,True,1.0,1000,82.6168120935129,-5.315211891965785,-12.067976014521316,1.073913584193704e+18,5.987312890606252,289.38837569569415,79.18475833778353,115.634292349831,40.74583978160943,27.67955579696501,23.824981239243492
434,2282,2282,21,2.2,2026-07-16 09:14:56.528610,-45.03876463848813,167.57115766167544,69.15725759012517,0.0,-8728.196909627743,True,1.0,1000,82.53788428155248,-5.268229650180054,-12.193886068267473,1.0752997766418465e+18,5.98768637039536,289.3643249985979,79.18004525261588,115.63179590414227,40.73232812830248,27.678989030244157,23.836353121045153
435,2282,2282,21,2.2,2026-07-16 09:14:56.528610,-45.03876463848813,167.57115766167544,69.15725759012517,0.0,-8728.196909627743,True,1.0,1000,82.48623852067055,-5.456068470080129,-12.05769300924933,1.0739902022320545e+18,5.987333546274656,289.3876730160312,79.18578692556899,115.65514816421464,40.725187751802714,27.698261256109284,23.806871254682555
436,2282,2282,21,2.2,2026-07-16 09:14:56.528610,-45.03876463848813,167.57115766167544,69.15725759012517,0.0,-8728.196909627743,True,1.0,1000,82.51680297540486,-5.317874711870956,-12.165322312724177,1.0752964405229765e+18,5.9876854721278585,289.34824740525374,79.15908411041296,115.60979478693483,40.77263403356794,27.666516049305894,23.895351042356804
437,2282,2282,21,2.2,2026-07-16 09:14:56.528610,-45.03876463848813,167.57115766167544,69.15725759012517,0.0,-8728.196909627743,True,1.0,1000,82.66622987375986,-5.3545949656330825,-11.979175160607065,1.0726898870012977e+18,5.986982790829011,289.3959579141241,79.20611999727278,115.62603112902715,40.72265949755038,27.664223239505258,23.788497094001958
438,2282,2282,21,2.2,2026-07-16 09:14:56.528610,-45.03876463848813,167.57115766167544,69.15725759012517,0.0,-8728.196909627743,True,1.0,1000,82.60430503743355,-5.354057640044141,-12.041637322522302,1.074204747384061e+18,5.98739137825492,289.38379179714565,79.17044213341835,115.62808007310413,40.772076938116406,27.67909098104831,23.85846802790822
439,2282,2282,21,2.2,2026-07-16 09:14:56.528610,-45.03876463848813,167.57115766167544,69.15725759012517,0.0,-8728.196909627743,True,1.0,1000,82.57219676197955,-5.305033169925212,-12.122770068095218,1.0747678094512294e+18,5.987543100219949,289.3827617772758,79.1583263324547,115.64956358854761,40.773840604152916,27.703156831943218,23.86618420804654
440,2282,2282,21,2.2,2026-07-16 09:14:56.528610,-45.03876463848813,167.57115766167544,69.15725759012517,0.0,-8728.196909627743,True,1.0,1000,82.75871767399488,-5.344905718394283,-11.896376607610842,1.0721831688443206e+18,5.98684599025212,289.3857743712418,79.18889293101576,115.63989033507187,40.731031522172266,27.683171642247,23.812382539446844
441,2282,2282,21,2.2,2026-07-16 09:14:56.528610,-45.03876463848813,167.57115766167544,69.15725759012517,0.0,-8728.196909627743,True,1.0,1000,82.57398586310009,-5.358442085072022,-12.067572051827888,1.0746326785709426e+18,5.98750669528065,289.37603363391315,79.18381843575902,115.62524162860775,40.743039473847304,27.67161899944057,23.833837895117494
442,2282,2282,21,2.2,2026-07-16 09:14:56.528610,-45.03876463848813,167.57115766167544,69.15725759012517,0.0,-8728.196909627743,True,1.0,1000,82.66501878739008,-5.33502406601131,-11.999957146598604,1.0731522168784067e+18,5.9871075513707686,289.38064206255206,79.18716797275681,115.6421272760451,40.72701741368059,27.68584602233344,23.814119170384235
443,2282,2282,21,2.2,2026-07-16 09:14:56.528610,-45.03876463848813,167.57115766167544,69.15725759012517,0.0,-8728.196909627743,True,1.0,1000,82.5523958124249,-5.346177095537592,-12.1014270920375,1.0753909640802412e+18,5.987710922012249,289.3820196686884,79.1770471985881,115.62085055768074,40.764872669076986,27.670070564968167,23.850800827692716
444,2282,2282,21,2.2,2026-07-16 09:14:56.528610,-45.03876463848813,167.57115766167544,69.15725759012517,0.0,-8728.196909627743,True,1.0,1000,82.5728453658195,-5.328096427612613,-12.09905820656788,1.073752348765131e+18,5.987269417887972,289.40273759300857,79.18267142460958,115.63189742097549,40.76598982557854,27.678125127780987,23.831009833075797
445,2282,2282,21,2.2,2026-07-16 09:14:56.528610,-45.03876463848813,167.57115766167544,69.15725759012517,0.0,-8728.196909627743,True,1.0,1000,82.46765590356792,-5.3534762290341265,-12.178867867397948,1.0750802310064246e+18,5.987627250637932,289.37186321403203,79.16176590985107,115.63833658458182,40.76661457760858,27.69163526037654,23.867947354881352
446,2282,2282,21,2.2,2026-07-16 09:14:56.528610,-45.03876463848813,167.57115766167544,69.15725759012517,0.0,-8728.196909627743,True,1.0,1000,82.59296624703003,-5.331682812561165,-12.075350940408809,1.0732843571868649e+18,5.987143199792322,289.38900786885796,79.17771526925672,115.66394575816544,40.73320034645433,27.709247382935633,23.816278692428988
447,2282,2282,21,2.2,2026-07-16 09:14:56.528610,-45.03876463848813,167.57115766167544,69.15725759012517,0.0,-8728.196909627743,True,1.0,1000,82.52412658527882,-5.415258334223179,-12.060615080498005,1.0742644796813308e+18,5.987407477411645,289.38171209154785,79.17985733497369,115.63111509653929,40.750641159615725,27.67843476583141,23.83725439039533
448,2282,2282,21,2.2,2026-07-16 09:14:56.528610,-45.03876463848813,167.57115766167544,69.15725759012517,0.0,-8728.196909627743,True,1.0,1000,82.64919227609681,-5.198898476436601,-12.151909247466586,1.0746706337810829e+18,5.987516921067601,289.36799542739385,79.15760169274205,115.65261877001114,40.75770036859428,27.706215074531123,23.86528151976456
449,2282,2282,21,2.2,2026-07-16 09:14:56.528610,-45.03876463848813,167.57115766167544,69.15725759012517,0.0,-8728.196909627743,True,1.0,1000,82.52398861254918,-5.358452087742095,-12.11755929970873,1.0747118797401661e+18,5.987528033029492,289.3895946197007,79.16661518966748,115.63505485941482,40.77859912342368,27.68686535397496,23.860760515523125
450,2282,2282,21,2.2,2026-07-16 09:14:56.528610,-45.03876463848813,167.57115766167544,69.15725759012517,0.0,-8728.196909627743,True,1.0,1000,82.65355321571353,-5.28698919813144,-12.059457586155034,1.0736333336408534e+18,5.9872373245307875,289.35497437198603,79.16963577031265,115.64849088740846,40.7269282875799,27.698052617398783,23.84435585479835
451,2282,2282,21,2.2,2026-07-16 09:14:56.528610,-45.03876463848813,167.57115766167544,69.15725759012517,0.0,-8728.196909627743,True,1.0,1000,82.50858868350306,-5.388378149085827,-12.103033167411112,1.0743590507141724e+18,5.987432964536871,289.37923820628373,79.16273401068885,115.59447258287663,40.810513413607616,27.6511739906322,23.899875252336333
452,2282,2282,21,2.2,2026-07-16 09:14:56.528610,-45.03876463848813,167.57115766167544,69.15725759012517,0.0,-8728.196909627743,True,1.0,1000,82.63576029824019,-5.286686826482338,-12.077552875277481,1.0744440105984916e+18,5.987455859520984,289.38094493728244,79.16885340335743,115.65683661585746,40.7470297317501,27.705971229425497,23.839498166147543
453,2282,2282,21,2.2,2026-07-16 09:14:56.528610,-45.03876463848813,167.57115766167544,69.15725759012517,0.0,-8728.196909627743,True,1.0,1000,82.6080192356066,-5.4090538113851725,-11.982926953008226,1.0739676029924726e+18,5.987327453836515,289.3511295946234,79.17781190314552,115.598110532064,40.752438050387426,27.64899486381399,23.86681669356701
454,2282,2282,21,2.2,2026-07-16 09:14:56.528610,-45.03876463848813,167.57115766167544,69.15725759012517,0.0,-8728.196909627743,True,1.0,1000,82.73301874846095,-5.332436694446081,-11.934544557092964,1.072026231098309e+18,5.98680360807482,289.4007269878879,79.18887371159668,115.63855913694427,40.74717518015437,27.681960766567514,23.813445564567928
455,2282,2282,21,2.2,2026-07-16 09:14:56.528610,-45.03876463848813,167.57115766167544,69.15725759012517,0.0,-8728.196909627743,True,1.0,1000,82.5229208086939,-5.270165306615254,-12.20691388469085,1.0755740966551788e+18,5.987760222963032,289.39369607630147,79.16970378452923,115.61115949500876,40.79803373182191,27.663886540764654,23.873003791528507
456,2282,2282,21,2.2,2026-07-16 09:14:56.528610,-45.03876463848813,167.57115766167544,69.15725759012517,0.0,-8728.196909627743,True,1.0,1000,82.3224921318028,-5.505966043354848,-12.17154182484235,1.0757571924577395e+18,5.987809505623374,289.38802915204974,79.15247043576481,115.63812513013535,40.79945366553243,27.694834072611847,23.88673260515995
457,2282,2282,21,2.2,2026-07-16 09:14:56.528610,-45.03876463848813,167.57115766167544,69.15725759012517,0.0,-8728.196909627743,True,1.0,1000,82.61502095049775,-5.204624870930888,-12.18035417857135,1.0748113560765668e+18,5.987554830924821,289.3617095125989,79.16198439495628,115.63809874190511,40.75628035259761,27.69133805649578,23.867692972281706
458,2282,2282,21,2.2,2026-07-16 09:14:56.528610,-45.03876463848813,167.57115766167544,69.15725759012517,0.0,-8728.196909627743,True,1.0,1000,82.58404707776387,-5.3045324688056645,-12.111420453430473,1.0749505280090518e+18,5.9875923182408775,289.39754153449496,79.18043897974594,115.63195139041626,40.764710381909296,27.678987800093317,23.83544398927071
459,2282,2282,21,2.2,2026-07-16 09:14:56.528610,-45.03876463848813,167.57115766167544,69.15725759012517,0.0,-8728.196909627743,True,1.0,1000,82.406337794932,-5.466313379590464,-12.127348825477528,1.0752915105525029e+18,5.987684144702354,289.368507981675,79.15710451696876,115.62128398682357,40.78638875954942,27.67774366012365,23.89044517172999
460,2282,2282,21,2.2,2026-07-16 09:14:56.528610,-45.03876463848813,167.57115766167544,69.15725759012517,0.0,-8728.196909627743,True,1.0,1000,82.5647584524824,-5.3527353811811285,-12.082506166336461,1.0742677212474409e+18,5.987408351058794,289.4160800242883,79.18388675002642,115.63280891082056,40.776381663652494,27.678516226051748,23.82787113428347
461,2282,2282,21,2.2,2026-07-16 09:14:56.528610,-45.03876463848813,167.57115766167544,69.15725759012517,0.0,-8728.196909627743,True,1.0,1000,82.62771596778771,-5.265014333889341,-12.107269698322959,1.0738861868377075e+18,5.98730550411974,289.36255011776717,79.17160282703418,115.57950567593984,40.79113022716223,27.634249756663227,23.893657505505654
462,2282,2282,21,2.2,2026-07-16 09:14:56.528610,-45.03876463848813,167.57115766167544,69.15725759012517,0.0,-8728.196909627743,True,1.0,1000,82.62915979963924,-5.304818305362906,-12.066021894997855,1.0735823011237759e+18,5.987223562124435,289.3678909038403,79.17944771881558,115.63943511231984,40.73031010676968,27.686194454883648,23.831666880210573
463,2282,2282,21,2.2,2026-07-16 09:14:56.528610,-45.03876463848813,167.57115766167544,69.15725759012517,0.0,-8728.196909627743,True,1.0,1000,82.54701306107142,-5.372594862081521,-12.080392076847048,1.0743553070841569e+18,5.987431955662051,289.39483307027206,79.18711964506498,115.65018093532295,40.73429704377667,27.693231756532242,23.80802021100979
464,2282,2282,21,2.2,2026-07-16 09:14:56.528610,-45.03876463848813,167.57115766167544,69.15725759012517,0.0,-8728.196909627743,True,1.0,1000,82.5736776114517,-5.371205563393524,-12.055116825154762,1.0735274212036052e+18,5.987208761423594,289.4003431947974,79.18269125604814,115.63734887778394,40.7588191580826,27.683104657564993,23.826771624073107
465,2282,2282,21,2.2,2026-07-16 09:14:56.528610,-45.03876463848813,167.57115766167544,69.15725759012517,0.0,-8728.196909627743,True,1.0,1000,82.65948612581315,-5.38987898582243,-11.950634888364418,1.0729865725735222e+18,5.987062858139638,289.3791893181188,79.18035058144733,115.60123955786614,40.7732583114448,27.650930195287856,23.85930706948422
466,2282,2282,21,2.2,2026-07-16 09:14:56.528610,-45.03876463848813,167.57115766167544,69.15725759012517,0.0,-8728.196909627743,True,1.0,1000,82.63211023573864,-5.3616080541017705,-12.006281710159593,1.0726696736552801e+18,5.986977334994754,289.38872790141846,79.16912712868647,115.62196233909776,40.78467574937381,27.673975828430713,23.865822710775586
467,2282,2282,21,2.2,2026-07-16 09:14:56.528610,-45.03876463848813,167.57115766167544,69.15725759012517,0.0,-8728.196909627743,True,1.0,1000,82.647139723236,-5.29053915970571,-12.06232111705831,1.074105518595619e+18,5.9873646319535885,289.388785464542,79.18584318549438,115.64347464588657,40.73634146396678,27.68756091188364,23.815737950220196
468,2282,2282,21,2.2,2026-07-16 09:14:56.528610,-45.03876463848813,167.57115766167544,69.15725759012517,0.0,-8728.196909627743,True,1.0,1000,82.4942848793627,-5.416124469383851,-12.089590651253452,1.0745418723958356e+18,5.987482229068246,289.38055434345836,79.1841048932202,115.60111312504753,40.768061117184985,27.649445264730694,23.851872018169754
469,2282,2282,21,2.2,2026-07-16 09:14:56.528610,-45.03876463848813,167.57115766167544,69.15725759012517,0.0,-8728.196909627743,True,1.0,1000,82.65196641409378,-5.3476821542429684,-12.000351431663255,1.0725372799834729e+18,5.9869415977489355,289.394518348884,79.18801645042993,115.6125276241702,40.765132193879644,27.65845966201253,23.83521827253372
470,2282,2282,21,2.2,2026-07-16 09:14:56.528610,-45.03876463848813,167.57115766167544,69.15725759012517,0.0,-8728.196909627743,True,1.0,1000,82.61747717630868,-5.366216390642483,-12.016306433048827,1.0735077526146317e+18,5.987203456769213,289.39160827115523,79.17836775300663,115.65189015815939,40.74511641857839,27.697981182455482,23.824243930371512
471,2282,2282,21,2.2,2026-07-16 09:14:56.528610,-45.03876463848813,167.57115766167544,69.15725759012517,0.0,-8728.196909627743,True,1.0,1000,82.50441770051303,-5.355978640093099,-12.139603659393881,1.0745225425664415e+18,5.987477020700559,289.37580830492385,79.18088958636129,115.63894625259742,40.73609338222846,27.685222074381308,23.82915319189263
472,2282,2282,21,2.2,2026-07-16 09:14:56.528610,-45.03876463848813,167.57115766167544,69.15725759012517,0.0,-8728.196909627743,True,1.0,1000,82.58352448017655,-5.33231362671532,-12.084161893108128,1.0745974136408425e+18,5.987497193977771,289.3645650626756,79.18064911661783,115.6403319196563,40.72407207754014,27.6865772071193,23.828568264938415
473,2282,2282,21,2.2,2026-07-16 09:14:56.528610,-45.03876463848813,167.57115766167544,69.15725759012517,0.0,-8728.196909627743,True,1.0,1000,82.6915536390563,-5.3111748987793606,-11.99727146216435,1.0731233829169179e+18,5.987099772046517,289.38121038012196,79.18772629960478,115.64401653957587,40.724952961948084,27.68737122952344,23.81154622372974
474,2282,2282,21,2.2,2026-07-16 09:14:56.528610,-45.03876463848813,167.57115766167544,69.15725759012517,0.0,-8728.196909627743,True,1.0,1000,82.59837759614196,-5.364737114906357,-12.036885288951689,1.0736385319977868e+18,5.987238726382608,289.37768109704894,79.18591002038632,115.64197756948847,40.72641953042346,27.68616698855146,23.816756072347207
475,2282,2282,21,2.2,2026-07-16 09:14:56.528610,-45.03876463848813,167.57115766167544,69.15725759012517,0.0,-8728.196909627743,True,1.0,1000,82.64869623920748,-5.243808810600946,-12.107494950191569,1.074071572495678e+18,5.987355481495151,289.3848757969854,79.17772734458309,115.63021621051567,40.75836853657711,27.678388760628774,23.842217201550323
476,2282,2282,21,2.2,2026-07-16 09:14:56.528610,-45.03876463848813,167.57115766167544,69.15725759012517,0.0,-8728.196909627743,True,1.0,1000,82.56697634719538,-5.36371903799721,-12.069304614807416,1.0735370313370916e+18,5.987211353258812,289.4168891921633,79.19060058642002,115.6316377179348,40.766287501320924,27.675000013541162,23.815310982267615
477,2282,2282,21,2.2,2026-07-16 09:14:56.528610,-45.03876463848813,167.57115766167544,69.15725759012517,0.0,-8728.196909627743,True,1.0,1000,82.56748651911064,-5.264986581403357,-12.167526899486,1.074734328517484e+18,5.987534080714444,289.4093437239287,79.1690659224476,115.63860788595963,40.79090677462243,27.689221174165052,23.853110831486028
478,2282,2282,21,2.2,2026-07-16 09:14:56.528610,-45.03876463848813,167.57115766167544,69.15725759012517,0.0,-8728.196909627743,True,1.0,1000,82.48535606788109,-5.3499514489191995,-12.164692483199703,1.0753516981626711e+18,5.987700350177923,289.3622732091025,79.15471446562691,115.63251550753012,40.774605030307946,27.68888569598549,23.886565128860575
479,2282,2282,21,2.2,2026-07-16 09:14:56.528610,-45.03876463848813,167.57115766167544,69.15725759012517,0.0,-8728.196909627743,True,1.0,1000,82.50332656829643,-5.433994012175586,-12.062679419527992,1.0738388501092232e+18,5.987292741418357,289.4050775318171,79.188687664354,115.6016485892041,40.78397211292754,27.64826411948157,23.842263017486495
480,2282,2282,21,2.2,2026-07-16 09:14:56.528610,-45.03876463848813,167.57115766167544,69.15725759012517,0.0,-8728.196909627743,True,1.0,1000,82.65084377868406,-5.24065401015401,-12.10850221116192,1.074155940820307e+18,5.987378223157058,289.3706687522811,79.16672852708271,115.62956482220946,40.76425253142664,27.681803283111396,23.864766529540987
481,2282,2282,21,2.2,2026-07-16 09:14:56.528610,-45.03876463848813,167.57115766167544,69.15725759012517,0.0,-8728.196909627743,True,1.0,1000,82.70207432959566,-5.33618746945897,-11.961738200945366,1.0725427672239796e+18,5.986943079016592,289.37531069638527,79.17161526295189,115.62842523240839,40.76121284304882,27.678978847095593,23.855850320579027
482,2282,2282,21,2.2,2026-07-16 09:14:56.528610,-45.03876463848813,167.57115766167544,69.15725759012517,0.0,-8728.196909627743,True,1.0,1000,82.68111218807651,-5.346929185351084,-11.971958626572405,1.0728766415247857e+18,5.987033193342378,289.3772135479274,79.17300858084599,115.61202226080783,40.77492952090782,27.663469616041557,23.86571048762231
483,2282,2282,21,2.2,2026-07-16 09:14:56.528610,-45.03876463848813,167.57115766167544,69.15725759012517,0.0,-8728.196909627743,True,1.0,1000,82.67305464159213,-5.228001314708111,-12.098944043699756,1.0743322947464492e+18,5.987425753965552,289.3998945408357,79.19466104832574,115.65880741579231,40.71848658635221,27.69838182823351,23.78627462900211
484,2282,2282,21,2.2,2026-07-16 09:14:56.528610,-45.03876463848813,167.57115766167544,69.15725759012517,0.0,-8728.196909627743,True,1.0,1000,82.55984045587881,-5.373571034452184,-12.066588509669005,1.0738668988709458e+18,5.987300303858695,289.3823286244115,79.17965081684828,115.60703115271583,40.772593943735345,27.656482150417652,23.85624029712662
485,2282,2282,21,2.2,2026-07-16 09:14:56.528610,-45.03876463848813,167.57115766167544,69.15725759012517,0.0,-8728.196909627743,True,1.0,1000,82.49816677189382,-5.374695663795673,-12.127137564310523,1.0745960821752736e+18,5.987496835239697,289.36937849331184,79.17254585965216,115.6198002866497,40.76113957424406,27.670751527544326,23.860636527169138
486,2282,2282,21,2.2,2026-07-16 09:14:56.528610,-45.03876463848813,167.57115766167544,69.15725759012517,0.0,-8728.196909627743,True,1.0,1000,82.51062686973724,-5.31482293425514,-12.174550196007631,1.0752435499039009e+18,5.987671230678974,289.3719237633435,79.16170598395358,115.6205694195793,40.78225991481885,27.675410270653476,23.881774030613517
487,2282,2282,21,2.2,2026-07-16 09:14:56.528610,-45.03876463848813,167.57115766167544,69.15725759012517,0.0,-8728.196909627743,True,1.0,1000,82.58223446172804,-5.24249086259435,-12.175274675677615,1.0748181405906403e+18,5.987556658512337,289.3862369740842,79.18335029938324,115.62648602711714,40.75299142322919,27.672927837320984,23.833817724403733
488,2282,2282,21,2.2,2026-07-16 09:14:56.528610,-45.03876463848813,167.57115766167544,69.15725759012517,0.0,-8728.196909627743,True,1.0,1000,82.52191724222837,-5.363585417239834,-12.114497340531793,1.0745688546133105e+18,5.9874894991935195,289.35958802802185,79.16844092876714,115.63100180757446,40.74888123243149,27.68249285608168,23.860226340295167
489,2282,2282,21,2.2,2026-07-16 09:14:56.528610,-45.03876463848813,167.57115766167544,69.15725759012517,0.0,-8728.196909627743,True,1.0,1000,82.55403792284169,-5.268309474988929,-12.17765260216939,1.0759171394162552e+18,5.98785255060193,289.36673036101786,79.16296088014364,115.62426633973594,40.77161706909911,27.67833270322979,23.87640544049707
490,2282,2282,21,2.2,2026-07-16 09:14:56.528610,-45.03876463848813,167.57115766167544,69.15725759012517,0.0,-8728.196909627743,True,1.0,1000,82.6147497351974,-5.4038800466033985,-11.981370218199194,1.0734026389608013e+18,5.987175105776985,289.3675097599505,79.15985536150448,115.67367961370888,40.73490610449233,27.724655216298526,23.844556406853172
491,2282,2282,21,2.2,2026-07-16 09:14:56.528610,-45.03876463848813,167.57115766167544,69.15725759012517,0.0,-8728.196909627743,True,1.0,1000,82.68840698683103,-5.366376430944354,-11.945216582224614,1.0724355167221939e+18,5.986914125622524,289.39881596741975,79.19970784595799,115.63220616337098,40.73154482070277,27.672205790642405,23.796608691503383
492,2282,2282,21,2.2,2026-07-16 09:14:56.528610,-45.03876463848813,167.57115766167544,69.15725759012517,0.0,-8728.196909627743,True,1.0,1000,82.46404379021041,-5.350778472638852,-12.185177737150726,1.075171696777772e+18,5.987651882219805,289.39246250352903,79.1811853664447,115.62772137113946,40.761986452393884,27.674846630856745,23.83720676842532
493,2282,2282,21,2.2,2026-07-16 09:14:56.528610,-45.03876463848813,167.57115766167544,69.15725759012517,0.0,-8728.196909627743,True,1.0,1000,82.61671087321008,-5.395070338114941,-11.988218788674988,1.0732250930331159e+18,5.98712721222705,289.3698699396855,79.17208284341568,115.6258291332912,40.75720248409527,27.676434045637446,23.856914809763715
494,2282,2282,21,2.2,2026-07-16 09:14:56.528610,-45.03876463848813,167.57115766167544,69.15725759012517,0.0,-8728.196909627743,True,1.0,1000,82.55878050599881,-5.33987155801221,-12.101347935988974,1.0741971694585661e+18,5.987389335774755,289.37580478046976,79.17621694487222,115.62337626613844,40.75793297660682,27.672683288315802,23.850517952147843
495,2282,2282,21,2.2,2026-07-16 09:14:56.528610,-45.03876463848813,167.57115766167544,69.15725759012517,0.0,-8728.196909627743,True,1.0,1000,82.56106228173618,-5.330354088016131,-12.108583630247674,1.0751439883937591e+18,5.987644420618785,289.3923692889042,79.17327244668842,115.61466396748283,40.787314699159424,27.665789208066116,23.863142586380985
496,2282,2282,21,2.2,2026-07-16 09:14:56.528610,-45.03876463848813,167.57115766167544,69.15725759012517,0.0,-8728.196909627743,True,1.0,1000,82.46675483965181,-5.392098485361463,-12.141146674986718,1.0750803708868974e+18,5.987627288309114,289.4048282373173,79.18463448964809,115.62717750033333,40.768700556263546,27.67309250290906,23.83070985127857
497,2282,2282,21,2.2,2026-07-16 09:14:56.528610,-45.03876463848813,167.57115766167544,69.15725759012517,0.0,-8728.196909627743,True,1.0,1000,82.5947667305102,-5.370782419798347,-12.034450849691451,1.0745509857030345e+18,5.987484684590513,289.34066597723785,79.14899453802974,115.60240968251105,40.78941380502393,27.663452068179954,23.921287739313563
498,2282,2282,21,2.2,2026-07-16 09:14:56.528610,-45.03876463848813,167.57115766167544,69.15725759012517,0.0,-8728.196909627743,True,1.0,1000,82.58215158915404,-5.281867962741924,-12.135980448104036,1.0749460884808253e+18,5.987591122485637,289.37733031634207,79.1735007341085,115.6094632332979,40.77640229503353,27.66094984144222,23.866698766291254
499,2282,2282,21,2.2,2026-07-16 09:14:56.528610,-45.03876463848813,167.57115766167544,69.15725759012517,0.0,-8728.196909627743,True,1.0,1000,82.44573330682253,-5.340767801447766,-12.213498891729701,1.0757006952967537e+18,5.987794299559055,289.37830745245896,79.16136032326236,115.65812330267981,40.75655976026721,27.70987873597443,23.853514853218204
500,2282,2282,21,2.2,2026-07-16 09:14:56.528610,-45.03876463848813,167.57115766167544,69.15725759012517,0.0,-8728.196909627743,True,1.0,1000,82.56410386354146,-5.442346024307135,-11.9935501121514,1.0735482263137252e+18,5.9872143724940345,289.37051152037935,79.1733886122179,115.6023525065973,40.775981456477055,27.65448821644032,23.872414126830524
501,2282,2282,21,2.2,2026-07-16 09:14:56.528610,-45.03876463848813,167.57115766167544,69.15725759012517,0.0,-8728.196909627743,True,1.0,1000,82.62032181010093,-5.304909791739996,-12.074768398159074,1.0743931507402936e+18,5.987442154027199,289.3655399975993,79.1644423446833,115.6293124369818,40.76340110700945,27.682406496307696,23.869543157340612
502,2282,2282,21,2.2,2026-07-16 09:14:56.528610,-45.03876463848813,167.57115766167544,69.15725759012517,0.0,-8728.196909627743,True,1.0,1000,82.45504311938518,-5.437531820185611,-12.107425060429208,1.0752642765143946e+18,5.987676811656919,289.4023650620728,79.17676193851133,115.60063494677209,40.80333847322879,27.65168653767704,23.866973576721854
503,2282,2282,21,2.2,2026-07-16 09:14:56.528610,-45.03876463848813,167.57115766167544,69.15725759012517,0.0,-8728.196909627743,True,1.0,1000,82.46519105808032,-5.3710709018718665,-12.163738040047809,1.0751120041211223e+18,5.987635807323028,289.3699890078685,79.17607020046032,115.60197219223669,40.77102578078974,27.653161840495407,23.867328605609043
504,2282,2282,21,2.2,2026-07-16 09:14:56.528610,-45.03876463848813,167.57115766167544,69.15725759012517,0.0,-8728.196909627743,True,1.0,1000,82.58654285271373,-5.4065593894420525,-12.006897757844207,1.073114788349719e+18,5.987097453215267,289.3879931301361,79.17348927738858,115.61677950764268,40.78071032797112,27.66764482066469,23.861075396856663
505,2282,2282,21,2.2,2026-07-16 09:14:56.528610,-45.03876463848813,167.57115766167544,69.15725759012517,0.0,-8728.196909627743,True,1.0,1000,82.57304039935973,-5.350929646393881,-12.076029954246385,1.0743756902389984e+18,5.987437448697512,289.3640204479786,79.1751634824497,115.60339566214296,40.76542735297896,27.654794436865043,23.868048274519886
506,2282,2282,21,2.2,2026-07-16 09:14:56.528610,-45.03876463848813,167.57115766167544,69.15725759012517,0.0,-8728.196909627743,True,1.0,1000,82.43656514464918,-5.34723243298193,-12.21620242236889,1.076171805269971e+18,5.987921073157367,289.3757797151865,79.18772859914891,115.61297371361285,40.746516693055014,27.658972597832204,23.835451769011357
507,2282,2282,21,2.2,2026-07-16 09:14:56.528610,-45.03876463848813,167.57115766167544,69.15725759012517,0.0,-8728.196909627743,True,1.0,1000,82.568547322054,-5.324291868384027,-12.107160809561977,1.074372855341246e+18,5.987436684730068,289.3737992959518,79.1757015301776,115.63156968696688,40.749710541096675,27.680365059577017,23.84523524593262
508,2282,2282,21,2.2,2026-07-16 09:14:56.528610,-45.03876463848813,167.57115766167544,69.15725759012517,0.0,-8728.196909627743,True,1.0,1000,82.56403239071871,-5.320256820044039,-12.115710789237244,1.0740849787873454e+18,5.9873590953090465,289.37646922875075,79.17430998362669,115.5925446907254,40.78885594895153,27.645183347623224,23.878142941622574
509,2282,2282,21,2.2,2026-07-16 09:14:56.528610,-45.03876463848813,167.57115766167544,69.15725759012517,0.0,-8728.196909627743,True,1.0,1000,82.72280510086144,-5.2716144592888465,-12.00558043984972,1.0729320568575247e+18,5.987048147501304,289.3617579547363,79.18617631051346,115.60154842554651,40.74520371381136,27.649088071652375,23.847379678295294
510,2282,2282,21,2.2,2026-07-16 09:14:56.528610,-45.03876463848813,167.57115766167544,69.15725759012517,0.0,-8728.196909627743,True,1.0,1000,82.52502605916285,-5.382555404639715,-12.092418536197439,1.0745420217019962e+18,5.987482269298003,289.37621751558913,79.15910192780221,115.62801249297202,40.78468857239809,27.683166660201127,23.88124854547475
511,2282,2282,21,2.2,2026-07-16 09:14:56.528610,-45.03876463848813,167.57115766167544,69.15725759012517,0.0,-8728.196909627743,True,1.0,1000,82.60211066693086,-5.335773439320467,-12.062115893748697,1.074218120048904e+18,5.987394982557491,289.3701923787705,79.17840560706978,115.59994458073412,40.76884671118361,27.650455468413245,23.86420914609098
512,2282,2282,21,2.2,2026-07-16 09:14:56.528610,-45.03876463848813,167.57115766167544,69.15725759012517,0.0,-8728.196909627743,True,1.0,1000,82.48968200114413,-5.329585773080257,-12.180732225775605,1.0755591454097711e+18,5.9877561982668075,289.3933235878047,79.18145251646338,115.64903393908052,40.743840605469835,27.694245152340123,23.820260176885885
513,2282,2282,21,2.2,2026-07-16 09:14:56.528610,-45.03876463848813,167.57115766167544,69.15725759012517,0.0,-8728.196909627743,True,1.0,1000,82.56876347461042,-5.408628812336074,-12.022607713053494,1.0738790275887219e+18,5.987303573913523,289.39697564763395,79.18576209733799,115.61956897779335,40.76546565698018,27.66572193685599,23.834311832447927
514,2282,2282,21,2.2,2026-07-16 09:14:56.528610,-45.03876463848813,167.57115766167544,69.15725759012517,0.0,-8728.196909627743,True,1.0,1000,82.68933223107582,-5.392180305975454,-11.91848746294873,1.0722189652878367e+18,5.9868556564726125,289.3683059619561,79.17805763827292,115.59170069097297,40.77476747935527,27.6430435605673,23.871275277301727
515,2282,2282,21,2.2,2026-07-16 09:14:56.528610,-45.03876463848813,167.57115766167544,69.15725759012517,0.0,-8728.196909627743,True,1.0,1000,82.48147243891339,-5.379019147876004,-12.13950841321063,1.0754682919869089e+18,5.987731740410344,289.3856493365831,79.16191168452715,115.61305840477216,40.802168764600225,27.668467370716314,23.88716113657405
516,2282,2282,21,2.2,2026-07-16 09:14:56.528610,-45.03876463848813,167.57115766167544,69.15725759012517,0.0,-8728.196909627743,True,1.0,1000,82.48786814208036,-5.404051120466879,-12.108080737452761,1.0743682059150408e+18,5.987435431766845,289.3795865058072,79.17999042951669,115.58690399363651,40.78679608957907,27.637951739075024,23.871103165174155
517,2282,2282,21,2.2,2026-07-16 09:14:56.528610,-45.03876463848813,167.57115766167544,69.15725759012517,0.0,-8728.196909627743,True,1.0,1000,82.6250010435559,-5.367395855110699,-12.007603101333403,1.073401653574944e+18,5.987174839988037,289.3848835362683,79.18180725803737,115.5974298180984,40.77968432284599,27.646914654810622,23.85932590361674
518,2282,2282,21,2.2,2026-07-16 09:14:56.528610,-45.03876463848813,167.57115766167544,69.15725759012517,0.0,-8728.196909627743,True,1.0,1000,82.70580542642706,-5.318779540937683,-11.975415032635247,1.0727655387309312e+18,5.987003209262224,289.3870344698852,79.18145429154481,115.66986218530087,40.7194601279886,27.713299714169473,23.80424198728657
519,2282,2282,21,2.2,2026-07-16 09:14:56.528610,-45.03876463848813,167.57115766167544,69.15725759012517,0.0,-8728.196909627743,True,1.0,1000,82.5410114904707,-5.28945504755731,-12.169533461972012,1.0750531478663135e+18,5.987619956790694,289.3979725929427,79.1635344529667,115.63600047265436,40.79162029997389,27.688853783674,23.866204900306716
520,2282,2282,21,2.2,2026-07-16 09:14:56.528610,-45.03876463848813,167.57115766167544,69.15725759012517,0.0,-8728.196909627743,True,1.0,1000,82.54969376278075,-5.452026132687795,-11.998280104531467,1.0733014599100321e+18,5.987147813393597,289.4052380622794,79.1832242823566,115.65741621704649,40.7453296773284,27.70126879617108,23.8102623633506
521,2282,2282,21,2.2,2026-07-16 09:14:56.528610,-45.03876463848813,167.57115766167544,69.15725759012517,0.0,-8728.196909627743,True,1.0,1000,82.62323558961792,-5.287284670909491,-12.089479739472598,1.073891660965336e+18,5.987306979991451,289.3746373170386,79.17000963591703,115.61758226777182,40.772834312090374,27.66964833356627,23.867433011969766
522,2282,2282,21,2.2,2026-07-16 09:14:56.528610,-45.03876463848813,167.57115766167544,69.15725759012517,0.0,-8728.196909627743,True,1.0,1000,82.63123334744755,-5.352203579090507,-12.01656307346193,1.073212461412809e+18,5.987123804507449,289.3943490749927,79.17562363404132,115.65958798807529,40.74603614670827,27.706022233999423,23.823819692756466
523,2282,2282,21,2.2,2026-07-16 09:14:56.528610,-45.03876463848813,167.57115766167544,69.15725759012517,0.0,-8728.196909627743,True,1.0,1000,82.68513058913183,-5.31503379903472,-11.999835611833438,1.0728512017583729e+18,5.987026328010592,289.3747123335194,79.18681139192942,115.5912731593931,40.76598387535969,27.639458695031355,23.854037737595085
524,2282,2282,21,2.2,2026-07-16 09:14:56.528610,-45.03876463848813,167.57115766167544,69.15725759012517,0.0,-8728.196909627743,True,1.0,1000,82.671223357389,-5.365774365847654,-11.963002276763348,1.0727832256327386e+18,5.987007982756684,289.4027984533094,79.20648098807177,115.623501004177,40.731056778024254,27.66177679161801,23.789719770148782
525,2282,2282,21,2.2,2026-07-16 09:14:56.528610,-45.03876463848813,167.57115766167544,69.15725759012517,0.0,-8728.196909627743,True,1.0,1000,82.54984755321645,-5.364304080162183,-12.085848366621367,1.0742432862721396e+18,5.987401765428154,289.3987382492614,79.1831335455707,115.62764001353368,40.76487357892756,27.674062385384275,23.833363175443726
526,2282,2282,21,2.2,2026-07-16 09:14:56.528610,-45.03876463848813,167.57115766167544,69.15725759012517,0.0,-8728.196909627743,True,1.0,1000,82.63149645202911,-5.361082380068529,-12.007421167902367,1.0728908462069791e+18,5.9870370266344315,289.3841613365108,79.17789006490635,115.63442370782518,40.75370429453564,27.68217795426051,23.838649066619645
527,2282,2282,21,2.2,2026-07-16 09:14:56.528610,-45.03876463848813,167.57115766167544,69.15725759012517,0.0,-8728.196909627743,True,1.0,1000,82.64860646435463,-5.266253350593164,-12.085140185052204,1.0740469980998459e+18,5.987348857078387,289.3755351980627,79.17897214788688,115.59195991647823,40.780144961111624,27.64294684740712,23.869239861243386
528,2282,2282,21,2.2,2026-07-16 09:14:56.528610,-45.03876463848813,167.57115766167544,69.15725759012517,0.0,-8728.196909627743,True,1.0,1000,82.63834916509171,-5.27273022323293,-12.088920611675343,1.074144180163028e+18,5.987375053153941,289.3713584283758,79.1760569236302,115.63163439330565,40.74658247704492,27.680294709099243,23.844472959722978
529,2282,2282,21,2.2,2026-07-16 09:14:56.528610,-45.03876463848813,167.57115766167544,69.15725759012517,0.0,-8728.196909627743,True,1.0,1000,82.38228361000732,-5.439951943077162,-12.177764446915521,1.0756183586060923e+18,5.987772137422225,289.3790489165419,79.17201758120586,115.62884159811871,40.7638743837294,27.67921294172051,23.854722835614897
530,2282,2282,21,2.2,2026-07-16 09:14:56.528610,-45.03876463848813,167.57115766167544,69.15725759012517,0.0,-8728.196909627743,True,1.0,1000,82.59397046464585,-5.316943848561351,-12.089085686792798,1.074385235940769e+18,5.987440021123047,289.37357369043093,79.1752064609884,115.60595968980329,40.77266914018897,27.657123524885463,23.86598232791143
531,2282,2282,21,2.2,2026-07-16 09:14:56.528610,-45.03876463848813,167.57115766167544,69.15725759012517,0.0,-8728.196909627743,True,1.0,1000,82.71345967460748,-5.2330059752179485,-12.053534350174576,1.0734395866798762e+18,5.9871850715399235,289.372736037723,79.17044064182343,115.61229310544678,40.77477690043911,27.66465427398508,23.87065103890049
532,2282,2282,21,2.2,2026-07-16 09:14:56.528610,-45.03876463848813,167.57115766167544,69.15725759012517,0.0,-8728.196909627743,True,1.0,1000,82.59274778952268,-5.343795559099493,-12.063456651377829,1.0738914341061076e+18,5.987306918828408,289.3904933519123,79.1962592491989,115.64243350611105,40.72046266348842,27.6828181401246,23.795657022527347
533,2282,2282,21,2.2,2026-07-16 09:14:56.528610,-45.03876463848813,167.57115766167544,69.15725759012517,0.0,-8728.196909627743,True,1.0,1000,82.57191257271508,-5.268193210403159,-12.159894216881764,1.0751669713565775e+18,5.987650609722977,289.3568958945208,79.1603746977645,115.63428168587473,40.75764675514053,27.68843478958248,23.873861674158594
534,2282,2282,21,2.2,2026-07-16 09:14:56.528610,-45.03876463848813,167.57115766167544,69.15725759012517,0.0,-8728.196909627743,True,1.0,1000,82.79133238537021,-5.322920011820718,-11.885747602809056,1.0716401805715246e+18,5.9866993259194645,289.3681051730011,79.17755745172961,115.6308635477632,40.74133621644419,27.679042772230645,23.84205894221207
535,2282,2282,21,2.2,2026-07-16 09:14:56.528610,-45.03876463848813,167.57115766167544,69.15725759012517,0.0,-8728.196909627743,True,1.0,1000,82.52082905084488,-5.390164812936315,-12.089006136218801,1.0746162576320339e+18,5.987502271085119,289.3878404615067,79.16911109899509,115.62436334817434,40.78172528340791,27.676177403303072,23.86400263572254
536,2282,2282,21,2.2,2026-07-16 09:14:56.528610,-45.03876463848813,167.57115766167544,69.15725759012517,0.0,-8728.196909627743,True,1.0,1000,82.64835126325895,-5.253756880181205,-12.097891856559855,1.0741832190793559e+18,5.987385575687859,289.38091622529066,79.17646778747206,115.57713845632928,40.8029124892263,27.630308234115827,23.885724177506294
537,2282,2282,21,2.2,2026-07-16 09:14:56.528610,-45.03876463848813,167.57115766167544,69.15725759012517,0.0,-8728.196909627743,True,1.0,1000,82.55401187195582,-5.389018450869018,-12.056969677175152,1.0742772313842788e+18,5.987410914157722,289.3831049625324,79.18750041304307,115.63531816389632,40.73480859587862,27.679495722012447,23.81869370110242
538,2282,2282,21,2.2,2026-07-16 09:14:56.528610,-45.03876463848813,167.57115766167544,69.15725759012517,0.0,-8728.196909627743,True,1.0,1000,82.59675134716237,-5.318760414024662,-12.08448823881298,1.073550683946985e+18,5.987215035302538,289.3651826620148,79.17945564807239,115.6441885242417,40.723454723928526,27.690539747745934,23.82799120532772
539,2282,2282,21,2.2,2026-07-16 09:14:56.528610,-45.03876463848813,167.57115766167544,69.15725759012517,0.0,-8728.196909627743,True,1.0,1000,82.69155216408737,-5.2807738109139475,-12.027674024998689,1.0734553274966267e+18,5.987189317144314,289.371179643688,79.18618991818344,115.62999354310524,40.72984027459612,27.675101950891904,23.825421582884037
540,2282,2282,21,2.2,2026-07-16 09:14:56.528610,-45.03876463848813,167.57115766167544,69.15725759012517,0.0,-8728.196909627743,True,1.0,1000,82.58749461189258,-5.351211963673277,-12.061293424434142,1.0741556906665229e+18,5.9873781557302115,289.38252231627746,79.16883163189655,115.61247197234049,40.7872648621442,27.665405017945858,23.873739401844073
541,2282,2282,21,2.2,2026-07-16 09:14:56.528610,-45.03876463848813,167.57115766167544,69.15725759012517,0.0,-8728.196909627743,True,1.0,1000,82.58680973645356,-5.457236039782405,-11.955954223764042,1.0724985014084285e+18,5.98693112934786,289.41111177203754,79.17855111689447,115.63043971313323,40.782947530382934,27.678292982001167,23.840393496392643
542,2282,2282,21,2.2,2026-07-16 09:14:56.528610,-45.03876463848813,167.57115766167544,69.15725759012517,0.0,-8728.196909627743,True,1.0,1000,82.52829564924347,-5.412322822042001,-12.05938152871454,1.0740599443800671e+18,5.987352346971712,289.38647590170376,79.17839150157576,115.61503542224855,40.772005505950126,27.664261910454275,23.85259015450208
543,2282,2282,21,2.2,2026-07-16 09:14:56.528610,-45.03876463848813,167.57115766167544,69.15725759012517,0.0,-8728.196909627743,True,1.0,1000,82.65156790971925,-5.375994677111252,-11.97243741316951,1.0725496658186253e+18,5.986944941265226,289.3787563466892,79.1635167729262,115.61835538146684,40.78780781473713,27.67272477720092,23.879853339150188
544,2282,2282,21,2.2,2026-07-16 09:14:56.528610,-45.03876463848813,167.57115766167544,69.15725759012517,0.0,-8728.196909627743,True,1.0,1000,82.6096391109313,-5.40480904785445,-11.985551841214257,1.0734520311574994e+18,5.987188428062701,289.37637998961867,79.15928193079637,115.59619793108175,40.81228174049699,27.65401283226273,23.905464683586185
545,2282,2282,21,2.2,2026-07-16 09:14:56.528610,-45.03876463848813,167.57115766167544,69.15725759012517,0.0,-8728.196909627743,True,1.0,1000,82.61618152043262,-5.3788408763481845,-12.004977603219192,1.0733209025367762e+18,5.987153058113958,289.37493528653494,79.18197329502073,115.64458107742071,40.72839812105874,27.689982022928007,23.82264316821322
546,2282,2282,21,2.2,2026-07-16 09:14:56.528610,-45.03876463848813,167.57115766167544,69.15725759012517,0.0,-8728.196909627743,True,1.0,1000,82.70775716107799,-5.312647020905182,-11.979595818016834,1.0727554629801454e+18,5.987000489896025,289.3845453849267,79.17233463675001,115.66918089586409,40.73373181524038,27.71599520363103,23.823030325233567
547,2282,2282,21,2.2,2026-07-16 09:14:56.528610,-45.03876463848813,167.57115766167544,69.15725759012517,0.0,-8728.196909627743,True,1.0,1000,82.67583210058737,-5.371532455759061,-11.952635443653557,1.0722732086472476e+18,5.986870303353874,289.4054731186087,79.20238135694711,115.67459379637175,40.6966796642897,27.710023761684383,23.758684677244414
548,2282,2282,21,2.2,2026-07-16 09:14:56.528610,-45.03876463848813,167.57115766167544,69.15725759012517,0.0,-8728.196909627743,True,1.0,1000,82.56107551490226,-5.24771919950549,-12.191205285592254,1.0758706678080242e+18,5.987840044806856,289.37850590451444,79.18272380463172,115.59965428033772,40.76973870656456,27.648614722835333,23.855769316420087
549,2282,2282,21,2.2,2026-07-16 09:14:56.528610,-45.03876463848813,167.57115766167544,69.15725759012517,0.0,-8728.196909627743,True,1.0,1000,82.5698196527957,-5.357148952689663,-12.07303139451463,1.07436771218468e+18,5.987435298712261,289.3937774153351,79.17036476067996,115.6362143020516,40.77511875668699,27.686558506909897,23.852352535479657
550,2282,2282,21,2.2,2026-07-16 09:14:56.528610,-45.03876463848813,167.57115766167544,69.15725759012517,0.0,-8728.196909627743,True,1.0,1000,82.71209354803094,-5.3343500887758175,-11.953556363193261,1.072856042499346e+18,5.987027634375257,289.37626064925814,79.17652651087062,115.61014642806443,40.769362249257405,27.660470788354335,23.860102867229106
551,2282,2282,21,2.2,2026-07-16 09:14:56.528610,-45.03876463848813,167.57115766167544,69.15725759012517,0.0,-8728.196909627743,True,1.0,1000,82.66063608475636,-5.273519414951554,-12.065844500292089,1.073219009011093e+18,5.987125570903344,289.3792308893156,79.18113608747791,115.61459062633423,40.76027253288418,27.662854406771572,23.847428680314447
552,2282,2282,21,2.2,2026-07-16 09:14:56.528610,-45.03876463848813,167.57115766167544,69.15725759012517,0.0,-8728.196909627743,True,1.0,1000,82.56766504963434,-5.29803969472632,-12.134295255639351,1.0751482072901885e+18,5.987645556739381,289.3619342992893,79.17181176764903,115.62362197578952,40.75167018354973,27.674514347543973,23.859160423027927
553,2282,2282,21,2.2,2026-07-16 09:14:56.528610,-45.03876463848813,167.57115766167544,69.15725759012517,0.0,-8728.196909627743,True,1.0,1000,82.68800880634696,-5.329279519434164,-11.98271167421888,1.0730131802468844e+18,5.987070037740167,289.3776765409502,79.17205602704213,115.63108268275431,40.76048277617182,27.681248575465318,23.85291806672142
554,2282,2282,21,2.2,2026-07-16 09:14:56.528610,-45.03876463848813,167.57115766167544,69.15725759012517,0.0,-8728.196909627743,True,1.0,1000,82.64930713922614,-5.293411768148933,-12.057281092624933,1.0733973250416136e+18,5.987173672446247,289.4043092562951,79.16993372214252,115.6800075405764,40.748350950927325,27.72677347880707,23.819516320966557
555,2282,2282,21,2.2,2026-07-16 09:14:56.528610,-45.03876463848813,167.57115766167544,69.15725759012517,0.0,-8728.196909627743,True,1.0,1000,82.58087869715527,-5.3159988908246225,-12.10312241202011,1.0739984711537436e+18,5.987335775427977,289.38722498116465,79.1920923968897,115.64473740843452,40.72259097206115,27.686441962365024,23.80223917635477
556,2282,2282,21,2.2,2026-07-16 09:14:56.528610,-45.03876463848813,167.57115766167544,69.15725759012517,0.0,-8728.196909627743,True,1.0,1000,82.7289016361481,-5.282595607774645,-11.98850275607727,1.0723722203563912e+18,5.986897036748197,289.3627650416148,79.17803374226285,115.62823849370854,40.73743491272274,27.67646815607638,23.843127110763152
557,2282,2282,21,2.2,2026-07-16 09:14:56.528610,-45.03876463848813,167.57115766167544,69.15725759012517,0.0,-8728.196909627743,True,1.0,1000,82.51498004195712,-5.270325307015701,-12.214694651027179,1.0754987755586668e+18,5.987739946856769,289.3933886086458,79.17411360923934,115.62905839895498,40.774304484724574,27.678647016931066,23.850354021663062
558,2282,2282,21,2.2,2026-07-16 09:14:56.528610,-45.03876463848813,167.57115766167544,69.15725759012517,0.0,-8728.196909627743,True,1.0,1000,82.47060588178353,-5.398510896877689,-12.13088322133879,1.0746467275004234e+18,5.987510480346182,289.3802986523515,79.15947787572661,115.6103315783259,40.80351783143884,27.666863004771315,23.894146872178233
559,2282,2282,21,2.2,2026-07-16 09:14:56.528610,-45.03876463848813,167.57115766167544,69.15725759012517,0.0,-8728.196909627743,True,1.0,1000,82.57714966607631,-5.315282994360846,-12.10756733956285,1.074255023301154e+18,5.987404928770608,289.38559559039817,79.1737716622253,115.64614501348103,40.752252304657425,27.69439988945691,23.837875444644386
560,2282,2282,21,2.2,2026-07-16 09:14:56.528610,-45.03876463848813,167.57115766167544,69.15725759012517,0.0,-8728.196909627743,True,1.0,1000,82.78219501618076,-5.270665479981193,-11.947139503838056,1.0731373257754181e+18,5.987103533817852,289.3651084729276,79.1776072589504,115.6107003562087,40.75580751927001,27.660583182941625,23.857507739486486
561,2282,2282,21,2.2,2026-07-16 09:14:56.528610,-45.03876463848813,167.57115766167544,69.15725759012517,0.0,-8728.196909627743,True,1.0,1000,82.71645684162701,-5.3460024132535935,-11.937540745119396,1.0721293789359923e+18,5.986831464595773,289.40615202756516,79.18546916787254,115.64190773447442,40.755733693035225,27.686263593379966,23.81769353602876
562,2282,2282,21,2.2,2026-07-16 09:14:56.528610,-45.03876463848813,167.57115766167544,69.15725759012517,0.0,-8728.196909627743,True,1.0,1000,82.56454007054933,-5.33926872272923,-12.096191206721443,1.0743120623315766e+18,5.987420301332993,289.38016019619045,79.17629404057212,115.62613161664027,40.75975273516638,27.675175257246934,23.848239019380514
563,2282,2282,21,2.2,2026-07-16 09:14:56.528610,-45.03876463848813,167.57115766167544,69.15725759012517,0.0,-8728.196909627743,True,1.0,1000,82.63151832343162,-5.298604199559325,-12.06987747700906,1.0738119160560279e+18,5.987285479337165,289.3786236934272,79.17817759172374,115.63504536164689,40.74711545350933,27.682641808312177,23.83759379927619
564,2282,2282,21,2.2,2026-07-16 09:14:56.528610,-45.03876463848813,167.57115766167544,69.15725759012517,0.0,-8728.196909627743,True,1.0,1000,82.52155950977335,-5.362319474374815,-12.116121015851816,1.0748036387491128e+18,5.987552752045432,289.390723533197,79.17110006382116,115.62894081455836,40.77709132497433,27.67963824789537,23.856485520706606
565,2282,2282,21,2.2,2026-07-16 09:14:56.528610,-45.03876463848813,167.57115766167544,69.15725759012517,0.0,-8728.196909627743,True,1.0,1000,82.55997345487287,-5.284675036650339,-12.155351508476784,1.074681185426955e+18,5.987519763798473,289.35415943976216,79.17310329444865,115.62641767084897,40.739167886553425,27.676600193214444,23.854415284046027
566,2282,2282,21,2.2,2026-07-16 09:14:56.528610,-45.03876463848813,167.57115766167544,69.15725759012517,0.0,-8728.196909627743,True,1.0,1000,82.52294617194885,-5.402447641007658,-12.074606187043495,1.0745005892309687e+18,5.987471105322968,289.37613444353985,79.1740124236021,115.62111381995527,40.76414727816601,27.671417940104423,23.85668282133694
567,2282,2282,21,2.2,2026-07-16 09:14:56.528610,-45.03876463848813,167.57115766167544,69.15725759012517,0.0,-8728.196909627743,True,1.0,1000,82.72299255392815,-5.337248839077179,-11.939758606994676,1.0716030379474902e+18,5.986689290762448,289.41804713529115,79.20197870053619,115.63901448948302,40.740829041282076,27.67760961624607,23.78681722712374
568,2282,2282,21,2.2,2026-07-16 09:14:56.528610,-45.03876463848813,167.57115766167544,69.15725759012517,0.0,-8728.196909627743,True,1.0,1000,82.54123031462024,-5.347286093688779,-12.111483591690988,1.0747654244270561e+18,5.987542457722113,289.3636733468507,79.17388067268175,115.63186880522572,40.742556503294615,27.68130236151093,23.84865469476208
569,2282,2282,21,2.2,2026-07-16 09:14:56.528610,-45.03876463848813,167.57115766167544,69.15725759012517,0.0,-8728.196909627743,True,1.0,1000,82.81052754897996,-5.242755977606079,-11.946716473413966,1.0715693194222323e+18,5.986680180423805,289.3982111936972,79.19668633893839,115.62203601879855,40.7451475153465,27.664000296009075,23.810498407966207
570,2282,2282,21,2.2,2026-07-16 09:14:56.528610,-45.03876463848813,167.57115766167544,69.15725759012517,0.0,-8728.196909627743,True,1.0,1000,82.5821498720123,-5.435296582113441,-11.982553545874271,1.0731616295435272e+18,5.987110090836919,289.38694374769017,79.19288671209227,115.62084244279055,40.74166887936061,27.664291705508845,23.81903988169572
571,2282,2282,21,2.2,2026-07-16 09:14:56.528610,-45.03876463848813,167.57115766167544,69.15725759012517,0.0,-8728.196909627743,True,1.0,1000,82.64825037275783,-5.40436028678637,-11.9473893404558,1.0729390771479255e+18,5.987050041913531,289.39682639591405,79.17728433439372,115.63439267143413,40.76747158566096,27.682370288409093,23.839887189554506
572,2282,2282,21,2.2,2026-07-16 09:14:56.528610,-45.03876463848813,167.57115766167544,69.15725759012517,0.0,-8728.196909627743,True,1.0,1000,82.58648894161789,-5.3679723723199535,-12.04553868606215,1.0744132594816362e+18,5.987447572921062,289.34679138317944,79.16223060508702,115.63096250398166,40.74714025527953,27.684722393590746,23.872702848395175
573,2282,2282,21,2.2,2026-07-16 09:14:56.528610,-45.03876463848813,167.57115766167544,69.15725759012517,0.0,-8728.196909627743,True,1.0,1000,82.60632731330449,-5.375108285035381,-12.018564401660127,1.0738539496269996e+18,5.9872968125389265,289.3732538141833,79.18337924491897,115.62924424745815,40.73755719719098,27.67544031617875,23.831634533277832
574,2282,2282,21,2.2,2026-07-16 09:14:56.528610,-45.03876463848813,167.57115766167544,69.15725759012517,0.0,-8728.196909627743,True,1.0,1000,82.64205627263792,-5.348024323068441,-12.009919404293651,1.0733143027095249e+18,5.987151277796838,289.3949657088953,79.18790603199635,115.64442442968061,40.73803485390404,27.687678985455417,23.810872114039842
575,2282,2282,21,2.2,2026-07-16 09:14:56.528610,-45.03876463848813,167.57115766167544,69.15725759012517,0.0,-8728.196909627743,True,1.0,1000,82.4466325177739,-5.43195184440905,-12.121415637817051,1.0747759166376325e+18,5.987545284191227,289.39525728087654,79.19066418467452,115.62610424670687,40.7493541409248,27.66991463239235,23.8194445899155
576,2282,2282,21,2.2,2026-07-16 09:14:56.528610,-45.03876463848813,167.57115766167544,69.15725759012517,0.0,-8728.196909627743,True,1.0,1000,82.82457446361875,-5.205916264024541,-11.969509272356715,1.0726078369201513e+18,5.986960643850154,289.3563777554753,79.18881673575844,115.563502987734,40.76830932731877,27.613330641963138,23.8714765525451
577,2282,2282,21,2.2,2026-07-16 09:14:56.528610,-45.03876463848813,167.57115766167544,69.15725759012517,0.0,-8728.196909627743,True,1.0,1000,82.51347758373831,-5.39821122848401,-12.088311187777686,1.0741564030709404e+18,5.987378347752782,289.37671873875786,79.16909504536153,115.62363775652771,40.77126408128866,27.675519701314936,23.864594528459126
578,2282,2282,21,2.2,2026-07-16 09:14:56.528610,-45.03876463848813,167.57115766167544,69.15725759012517,0.0,-8728.196909627743,True,1.0,1000,82.67729881845592,-5.306250170788414,-12.016451010755661,1.0730349869274127e+18,5.9870759217466665,289.4081393675201,79.17576343420414,115.6624078755675,40.75712887389926,27.708550971361536,23.821370905244954
579,2282,2282,21,2.2,2026-07-16 09:14:56.528610,-45.03876463848813,167.57115766167544,69.15725759012517,0.0,-8728.196909627743,True,1.0,1000,82.51689968526541,-5.320875154498914,-12.162225160235684,1.0752663970177967e+18,5.9876773826309835,289.3722946735794,79.17355631837535,115.61931581674006,40.76268343802694,27.669939915068166,23.85898424105284
580,2282,2282,21,2.2,2026-07-16 09:14:56.528610,-45.03876463848813,167.57115766167544,69.15725759012517,0.0,-8728.196909627743,True,1.0,1000,82.39930843797157,-5.5560845865077555,-12.044606975520672,1.0737452415224118e+18,5.987267501464374,289.41497214261557,79.18765149563926,115.61822365389983,40.78127654790155,27.663802935561097,23.8315591440892
581,2282,2282,21,2.2,2026-07-16 09:14:56.528610,-45.03876463848813,167.57115766167544,69.15725759012517,0.0,-8728.196909627743,True,1.0,1000,82.46160722146459,-5.349427711397033,-12.18896506713838,1.0753092601390131e+18,5.987688923861483,289.36656613105305,79.17586353913943,115.63949739071828,40.73529238874558,27.687557200218073,23.838802676777405
582,2282,2282,21,2.2,2026-07-16 09:14:56.528610,-45.03876463848813,167.57115766167544,69.15725759012517,0.0,-8728.196909627743,True,1.0,1000,82.58755180278072,-5.332782825607141,-12.079665371612139,1.0744088012746643e+18,5.98744637153436,289.342704589899,79.17078758206775,115.56255947103611,40.78754109055647,27.619054695877768,23.908412356768668
583,2282,2282,21,2.2,2026-07-16 09:14:56.528610,-45.03876463848813,167.57115766167544,69.15725759012517,0.0,-8728.196909627743,True,1.0,1000,82.64362167912593,-5.367805642402081,-11.988572678472,1.0729271341177944e+18,5.987046819101811,289.36997694981017,79.18435927581166,115.5953649323149,40.762041248562134,27.64409530602847,23.8557992801831
584,2282,2282,21,2.2,2026-07-16 09:14:56.528610,-45.03876463848813,167.57115766167544,69.15725759012517,0.0,-8728.196909627743,True,1.0,1000,82.56043419971962,-5.408978325384341,-12.030587474896034,1.074051360862294e+18,5.987350033141019,289.40314595385246,79.20445354545237,115.64054941301802,40.72019980117126,27.67811439306717,23.780673717446486
585,2282,2282,21,2.2,2026-07-16 09:14:56.528610,-45.03876463848813,167.57115766167544,69.15725759012517,0.0,-8728.196909627743,True,1.0,1000,82.67461460149377,-5.415965730789252,-11.909419667716966,1.0720401905489861e+18,5.986807378177175,289.39453790882686,79.19568592102131,115.61817420220902,40.74661031117592,27.660831451207375,23.815480009085572
586,2282,2282,21,2.2,2026-07-16 09:14:56.528610,-45.03876463848813,167.57115766167544,69.15725759012517,0.0,-8728.196909627743,True,1.0,1000,82.48890692984065,-5.277360410024697,-12.233732660134644,1.0763262126091372e+18,5.9879626114103965,289.3843798649935,79.16383787315826,115.60278532107071,40.806439319681346,27.65837095356623,23.89123536524246
587,2282,2282,21,2.2,2026-07-16 09:14:56.528610,-45.03876463848813,167.57115766167544,69.15725759012517,0.0,-8728.196909627743,True,1.0,1000,82.48701625948124,-5.398696473773586,-12.114287266745173,1.0747947004227894e+18,5.987550344236973,289.38742963708836,79.18288397860292,115.65008557241158,40.73449282302702,27.69468610204219,23.81658239042942
588,2282,2282,21,2.2,2026-07-16 09:14:56.528610,-45.03876463848813,167.57115766167544,69.15725759012517,0.0,-8728.196909627743,True,1.0,1000,82.44428170434428,-5.343359021386982,-12.212359274268758,1.07528041743569e+18,5.987681157788747,289.3997840543515,79.16544081852926,115.67464243705443,40.75644622076525,27.723501342102956,23.83263461747947
589,2282,2282,21,2.2,2026-07-16 09:14:56.528610,-45.03876463848813,167.57115766167544,69.15725759012517,0.0,-8728.196909627743,True,1.0,1000,82.59558085658331,-5.405578885190987,-11.998840258225709,1.0730008056933087e+18,5.987066698712327,289.3761634251147,79.17869043848833,115.60326785144655,40.77141476976112,27.65339074480665,23.861071757343773
590,2282,2282,21,2.2,2026-07-16 09:14:56.528610,-45.03876463848813,167.57115766167544,69.15725759012517,0.0,-8728.196909627743,True,1.0,1000,82.48582210069033,-5.287436174042335,-12.226741725267336,1.0755221002007843e+18,5.98774622589911,289.37873831071784,79.16371402898231,115.59607129881628,40.80687680861515,27.652277583545434,23.89667342329362
591,2282,2282,21,2.2,2026-07-16 09:14:56.528610,-45.03876463848813,167.57115766167544,69.15725759012517,0.0,-8728.196909627743,True,1.0,1000,82.56918485740945,-5.292315572858813,-12.138499569731724,1.0745850908909635e+18,5.987493873830219,289.39829237986123,79.15690036542831,115.6275857073976,40.81104209648369,27.683580098959407,23.885989647521587
592,2282,2282,21,2.2,2026-07-16 09:14:56.528610,-45.03876463848813,167.57115766167544,69.15725759012517,0.0,-8728.196909627743,True,1.0,1000,82.6309023563375,-5.316606174515704,-12.052491469146807,1.073564715687027e+18,5.987218819547064,289.38420099076205,79.18139606240676,115.62865802493432,40.75253582839211,27.675626617772398,23.836062565918372
593,2282,2282,21,2.2,2026-07-16 09:14:56.528610,-45.03876463848813,167.57115766167544,69.15725759012517,0.0,-8728.196909627743,True,1.0,1000,82.65189864923597,-5.261289985051901,-12.086811365712121,1.0736963615922387e+18,5.98725432095294,289.38001938699983,79.17909007723358,115.63293510345183,40.74872716162429,27.680379085701404,23.83739032946938
594,2282,2282,21,2.2,2026-07-16 09:14:56.528610,-45.03876463848813,167.57115766167544,69.15725759012517,0.0,-8728.196909627743,True,1.0,1000,82.54898869323945,-5.426361599129299,-12.024649707631246,1.0736040953316257e+18,5.9872294396481385,289.42085575844345,79.20139240340788,115.63677928123653,40.74662003407574,27.67577751069312,23.78971204220084
595,2282,2282,21,2.2,2026-07-16 09:14:56.528610,-45.03876463848813,167.57115766167544,69.15725759012517,0.0,-8728.196909627743,True,1.0,1000,82.46353484511019,-5.391944202771876,-12.14452095211792,1.075174532155111e+18,5.987652645748775,289.3910625694785,79.17747959623682,115.6013092920702,40.79017279304154,27.65204136544879,23.865013094600403
596,2282,2282,21,2.2,2026-07-16 09:14:56.528610,-45.03876463848813,167.57115766167544,69.15725759012517,0.0,-8728.196909627743,True,1.0,1000,82.47249225731018,-5.3984259046113685,-12.129081838078438,1.0751368749725038e+18,5.987642505011913,289.37558752161146,79.16581849080002,115.60647013046808,40.790914656531754,27.661016839260817,23.884416471284553
597,2282,2282,21,2.2,2026-07-16 09:14:56.528610,-45.03876463848813,167.57115766167544,69.15725759012517,0.0,-8728.196909627743,True,1.0,1000,82.58640755214229,-5.333284947374817,-12.08030750048289,1.0745156569553166e+18,5.987475165369545,289.39027251723,79.16608014818911,115.63946972151331,40.77638325053549,27.691098035488206,23.858429628561655
598,2282,2282,21,2.2,2026-07-16 09:14:56.528610,-45.03876463848813,167.57115766167544,69.15725759012517,0.0,-8728.196909627743,True,1.0,1000,82.7130971866506,-5.349406154738142,-11.937496658611265,1.0729404276945705e+18,5.987050406354592,289.3808320650679,79.1763799528634,115.65563061508101,40.734616086825035,27.70212670067926,23.82534876941118
599,2282,2282,21,2.2,2026-07-16 09:14:56.528610,-45.03876463848813,167.57115766167544,69.15725759012517,0.0,-8728.196909627743,True,1.0,1000,82.60331337010717,-5.3145858234427115,-12.082100806450136,1.0737200809932362e+18,5.987260716982925,289.37834977450086,79.17706785269239,115.61132459534299,40.76946318031871,27.661350819230215,23.85810790510824
600,2282,2282,21,2.2,2026-07-16 09:14:56.528610,-45.03876463848813,167.57115766167544,69.15725759012517,0.0,-8728.196909627743,True,1.0,1000,82.51777219419121,-5.356373357880281,-12.125854447928505,1.0746114934615084e+18,5.987500987490447,289.37859206378357,79.16652133480497,115.62319699145797,40.77809037965779,27.676055591070106,23.870093844234084
601,2282,2282,21,2.2,2026-07-16 09:14:56.528610,-45.03876463848813,167.57115766167544,69.15725759012517,0.0,-8728.196909627743,True,1.0,1000,82.6717310678475,-5.21139755758804,-12.116871374564465,1.0741254251164069e+18,5.987369997790167,289.3688141043668,79.16477034361303,115.63723365522677,40.75919527304386,27.689530747709608,23.862777718767063
602,2282,2282,21,2.2,2026-07-16 09:14:56.528610,-45.03876463848813,167.57115766167544,69.15725759012517,0.0,-8728.196909627743,True,1.0,1000,82.58696830257404,-5.324994693393902,-12.088037004032058,1.0738763871484257e+18,5.987302862020761,289.3758513473803,79.18151330089067,115.62528295290785,40.74691486844368,27.672496729148502,23.838428391967863
603,2282,2282,21,2.2,2026-07-16 09:14:56.528610,-45.03876463848813,167.57115766167544,69.15725759012517,0.0,-8728.196909627743,True,1.0,1000,82.54666511977206,-5.31757774563267,-12.135757134595273,1.0748951550137257e+18,5.987577403566452,289.3714745496751,79.17688598458902,115.5865929430137,40.784474975136476,27.63880055303531,23.877573970549182
604,2282,2282,21,2.2,2026-07-16 09:14:56.528610,-45.03876463848813,167.57115766167544,69.15725759012517,0.0,-8728.196909627743,True,1.0,1000,82.623591560466,-5.444987829751015,-11.931420609782997,1.0727690909603528e+18,5.987004167975024,289.41272559104925,79.18474183960292,115.65730563977517,40.75022097877761,27.700615417547656,23.807306615404904
605,2282,2282,21,2.2,2026-07-16 09:14:56.528610,-45.03876463848813,167.57115766167544,69.15725759012517,0.0,-8728.196909627743,True,1.0,1000,82.6112540147189,-5.437220249817367,-11.951525735463738,1.0728997886274491e+18,5.987039439820385,289.40229910889127,79.20084299153291,115.61891765415949,40.74456068544382,27.659634360297105,23.804560601300484
606,2282,2282,21,2.2,2026-07-16 09:14:56.528610,-45.03876463848813,167.57115766167544,69.15725759012517,0.0,-8728.196909627743,True,1.0,1000,82.50591316333933,-5.415615626664686,-12.078471209996001,1.0742149141727173e+18,5.987394118489392,289.35634265573015,79.16055467745976,115.59442988867195,40.791527038817655,27.65193132268593,23.90427941541015
607,2282,2282,21,2.2,2026-07-16 09:14:56.528610,-45.03876463848813,167.57115766167544,69.15725759012517,0.0,-8728.196909627743,True,1.0,1000,82.55187153514055,-5.316048638279247,-12.132079826580215,1.0742533993084152e+18,5.987404491077135,289.3885928704305,79.18988629366596,115.63531184942823,40.73606565353907,27.678621347632806,23.813914783678104
608,2282,2282,21,2.2,2026-07-16 09:14:56.528610,-45.03876463848813,167.57115766167544,69.15725759012517,0.0,-8728.196909627743,True,1.0,1000,82.56137904758555,-5.347336588485677,-12.091284363928771,1.0743492241313549e+18,5.987430316353156,289.36465914633203,79.18566455808627,115.61947411527497,40.7334049806678,27.665670704570275,23.834580584709034
609,2282,2282,21,2.2,2026-07-16 09:14:56.528610,-45.03876463848813,167.57115766167544,69.15725759012517,0.0,-8728.196909627743,True,1.0,1000,82.80055196879535,-5.182360433547814,-12.01708759765684,1.0729040602968916e+18,5.987040592558535,289.400139903901,79.19452771113514,115.6619265740927,40.716262266441305,27.701284529627145,23.784145723855367
610,2282,2282,21,2.2,2026-07-16 09:14:56.528610,-45.03876463848813,167.57115766167544,69.15725759012517,0.0,-8728.196909627743,True,1.0,1000,82.51484989624556,-5.347761776062215,-12.137388327692227,1.0752927185949929e+18,5.987684469975943,289.3870420405913,79.17315971318968,115.63903272578324,40.76097089802229,27.68811749050937,23.844579494122616
611,2282,2282,21,2.2,2026-07-16 09:14:56.528610,-45.03876463848813,167.57115766167544,69.15725759012517,0.0,-8728.196909627743,True,1.0,1000,82.41406004631426,-5.469575124660273,-12.116364829025473,1.0753042018995827e+18,5.987687561914911,289.3801533100944,79.1798696938976,115.59635136246239,40.77933820619337,27.646635258016357,23.864046556718638
612,2282,2282,21,2.2,2026-07-16 09:14:56.528610,-45.03876463848813,167.57115766167544,69.15725759012517,0.0,-8728.196909627743,True,1.0,1000,82.51440155685307,-5.398746410755108,-12.086852032391809,1.0747220121099955e+18,5.987530762698497,289.37335372914714,79.17868726083475,115.61313999039868,40.76000892119668,27.662420526531818,23.85345921839083
613,2282,2282,21,2.2,2026-07-16 09:14:56.528610,-45.03876463848813,167.57115766167544,69.15725759012517,0.0,-8728.196909627743,True,1.0,1000,82.67753144362575,-5.255533739780389,-12.066934816593855,1.073979229761805e+18,5.987330588266528,289.3495901243602,79.17126570160347,115.62073020689273,40.742814277564236,27.672068907144073,23.862485807582
614,2282,2282,21,2.2,2026-07-16 09:14:56.528610,-45.03876463848813,167.57115766167544,69.15725759012517,0.0,-8728.196909627743,True,1.0,1000,82.56129031772535,-5.462019034030043,-11.976690648244606,1.0737173856014684e+18,5.987259990167025,289.3862133284291,79.18790461999284,115.63329625125989,40.73895712543306,27.677498853256978,23.819439966468288
615,2282,2282,21,2.2,2026-07-16 09:14:56.528610,-45.03876463848813,167.57115766167544,69.15725759012517,0.0,-8728.196909627743,True,1.0,1000,82.67002867770431,-5.355927317409599,-11.974044004886078,1.0732701717258719e+18,5.987139373090911,289.3989428742367,79.17748730009014,115.61053182067462,40.790001863615736,27.660472800709588,23.85787839850617
616,2282,2282,21,2.2,2026-07-16 09:14:56.528610,-45.03876463848813,167.57115766167544,69.15725759012517,0.0,-8728.196909627743,True,1.0,1000,82.56957049227594,-5.336222009199199,-12.094207498524856,1.0743858404880138e+18,5.987440184038822,289.3774180896375,79.17782337031129,115.62471907997562,40.75552477519843,27.673325822433068,23.846261730418533
617,2282,2282,21,2.2,2026-07-16 09:14:56.528610,-45.03876463848813,167.57115766167544,69.15725759012517,0.0,-8728.196909627743,True,1.0,1000,82.6709182535137,-5.308803687755188,-12.020278058731096,1.0737466437006733e+18,5.987267879553987,289.3498403790661,79.16669653416362,115.59188759830846,40.77633121796044,27.6473629091631,23.89392551094855
618,2282,2282,21,2.2,2026-07-16 09:14:56.528610,-45.03876463848813,167.57115766167544,69.15725759012517,0.0,-8728.196909627743,True,1.0,1000,82.57730912340872,-5.373473193368345,-12.049217683222924,1.0739241990839954e+18,5.987315752391759,289.3885358759019,79.1718806850205,115.62876857879411,40.77366792616865,27.679196077065125,23.85505354697685
619,2282,2282,21,2.2,2026-07-16 09:14:56.528610,-45.03876463848813,167.57115766167544,69.15725759012517,0.0,-8728.196909627743,True,1.0,1000,82.43853962931847,-5.455169635391797,-12.106290735289734,1.0748737095307324e+18,5.987571627035416,289.3883213548707,79.16752223812358,115.64089036917382,40.77063706928558,27.69187149029096,23.854445262507305
620,2282,2282,21,2.2,2026-07-16 09:14:56.528610,-45.03876463848813,167.57115766167544,69.15725759012517,0.0,-8728.196909627743,True,1.0,1000,82.56077088810966,-5.363811612099658,-12.075417499790683,1.0740869279232305e+18,5.987359620716384,289.3821361333982,79.16902775855874,115.6136858403211,40.78547232919069,27.666443457599108,23.872409055968543
621,2282,2282,21,2.2,2026-07-16 09:14:56.528610,-45.03876463848813,167.57115766167544,69.15725759012517,0.0,-8728.196909627743,True,1.0,1000,82.63400604406507,-5.458037845660455,-11.907956110274485,1.0725807157431375e+18,5.98695332292258,289.3847958129513,79.18643821985438,115.6017793922376,40.76757482146898,27.64920382752624,23.846675892593296
622,2282,2282,21,2.2,2026-07-16 09:14:56.528610,-45.03876463848813,167.57115766167544,69.15725759012517,0.0,-8728.196909627743,True,1.0,1000,82.49871023311891,-5.380464201349464,-12.120825565531621,1.0750060807318179e+18,5.987607280552743,289.37505220547524,79.18754209746662,115.62214533221663,40.73813844062276,27.66743013365022,23.828756203696987
623,2282,2282,21,2.2,2026-07-16 09:14:56.528610,-45.03876463848813,167.57115766167544,69.15725759012517,0.0,-8728.196909627743,True,1.0,1000,82.57621922913565,-5.314933131171104,-12.108847639693252,1.0744503892803434e+18,5.987457578374692,289.39710615562296,79.18605755758321,115.62316737558484,40.76194002075745,27.668905851715554,23.830945973119597
624,2282,2282,21,2.2,2026-07-16 09:14:56.528610,-45.03876463848813,167.57115766167544,69.15725759012517,0.0,-8728.196909627743,True,1.0,1000,82.5260379972438,-5.332855800263388,-12.141106202492804,1.0749483200988005e+18,5.987591723556627,289.36513456352185,79.16911589304854,115.64252521555755,40.74320022665245,27.69278573224866,23.849992388109673
625,2282,2282,21,2.2,2026-07-16 09:14:56.528610,-45.03876463848813,167.57115766167544,69.15725759012517,0.0,-8728.196909627743,True,1.0,1000,82.57885023960988,-5.342458733690295,-12.078691026699824,1.0741400500779922e+18,5.987373939910101,289.3854002776622,79.18616376264036,115.62502993423513,40.74842500175641,27.670570932874345,23.82929779725737
626,2282,2282,21,2.2,2026-07-16 09:14:56.528610,-45.03876463848813,167.57115766167544,69.15725759012517,0.0,-8728.196909627743,True,1.0,1000,82.5999477566425,-5.386233287643125,-12.013818955714365,1.0734073232428214e+18,5.987176369268938,289.40689711305845,79.1751147666361,115.67896170478967,40.74266453585431,27.72393130751379,23.80994690077195
627,2282,2282,21,2.2,2026-07-16 09:14:56.528610,-45.03876463848813,167.57115766167544,69.15725759012517,0.0,-8728.196909627743,True,1.0,1000,82.57091940341128,-5.307535889682663,-12.121544706906061,1.074870979929707e+18,5.987570891784903,289.3159928702788,79.15724880342849,115.55978657681455,40.787336252501284,27.621472782656664,23.93774014344073
628,2282,2282,21,2.2,2026-07-16 09:14:56.528610,-45.03876463848813,167.57115766167544,69.15725759012517,0.0,-8728.196909627743,True,1.0,1000,82.6557359201975,-5.2609406410657265,-12.083323438736771,1.0737192211310487e+18,5.9872604851201645,289.4039822944788,79.19132569920048,115.6151411085618,40.76644124300026,27.659644657521252,23.826564672084853
629,2282,2282,21,2.2,2026-07-16 09:14:56.528610,-45.03876463848813,167.57115766167544,69.15725759012517,0.0,-8728.196909627743,True,1.0,1000,82.73264325949552,-5.314739088503952,-11.952617652000532,1.072736054087658e+18,5.986995251516013,289.373484705029,79.186047455062,115.62399571760629,40.73761579391678,27.669667252750664,23.83032793338765
630,2282,2282,21,2.2,2026-07-16 09:14:56.528610,-45.03876463848813,167.57115766167544,69.15725759012517,0.0,-8728.196909627743,True,1.0,1000,82.56448863641161,-5.325438447106176,-12.110072916482208,1.0741662395897065e+18,5.987380999089992,289.38413847235006,79.17624393341589,115.6280328184325,40.76216505311595,27.676932408484586,23.846873897801224
631,2282,2282,21,2.2,2026-07-16 09:14:56.528610,-45.03876463848813,167.57115766167544,69.15725759012517,0.0,-8728.196909627743,True,1.0,1000,82.73428443400623,-5.232161786183325,-12.033553779810438,1.0726862110625851e+18,5.986981798654942,289.38097494386864,79.18041482003748,115.62625918125006,40.75313954117169,27.673789972704114,23.83987860111342
632,2282,2282,21,2.2,2026-07-16 09:14:56.528610,-45.03876463848813,167.57115766167544,69.15725759012517,0.0,-8728.196909627743,True,1.0,1000,82.73181957250979,-5.274756930726371,-11.993423496763837,1.0732117027618404e+18,5.987123599839653,289.4333290170672,79.20209671222545,115.63506606325971,40.75933024448215,27.673953723206232,23.789617166122895
633,2282,2282,21,2.2,2026-07-16 09:14:56.528610,-45.03876463848813,167.57115766167544,69.15725759012517,0.0,-8728.196909627743,True,1.0,1000,82.57868015932698,-5.380581156978136,-12.040738683694896,1.074282012492109e+18,5.98741220271656,289.3580596113155,79.17869743231225,115.59663842604382,40.75907778413654,27.647325510772006,23.866176968980515
634,2282,2282,21,2.2,2026-07-16 09:14:56.528610,-45.03876463848813,167.57115766167544,69.15725759012517,0.0,-8728.196909627743,True,1.0,1000,82.60707007479363,-5.333728898462117,-12.059201026744262,1.0741061049330043e+18,5.987364790003249,289.388608475109,79.17166376121196,115.65567759521313,40.750716698472516,27.703887281113218,23.83476069096045
635,2282,2282,21,2.2,2026-07-16 09:14:56.528610,-45.03876463848813,167.57115766167544,69.15725759012517,0.0,-8728.196909627743,True,1.0,1000,82.63368916649415,-5.355835217751381,-12.010475615754464,1.0731392833695327e+18,5.987104061971164,289.39228410624474,79.17814501886788,115.5950564716364,40.795663584703824,27.64608042019844,23.868507327935202
636,2282,2282,21,2.2,2026-07-16 09:14:56.528610,-45.03876463848813,167.57115766167544,69.15725759012517,0.0,-8728.196909627743,True,1.0,1000,82.5284244020643,-5.441267351395264,-12.030308246540429,1.0732786579276831e+18,5.987141662353607,289.38077587562657,79.18909897821192,115.60456185851817,40.75640191183077,27.650778880200033,23.839189988246027
637,2282,2282,21,2.2,2026-07-16 09:14:56.528610,-45.03876463848813,167.57115766167544,69.15725759012517,0.0,-8728.196909627743,True,1.0,1000,82.47626795178157,-5.307286048823902,-12.21644599939453,1.0761020384368123e+18,5.987902302714033,289.37377384247117,79.17280787440679,115.61689314786408,40.76760214501718,27.667997301065476,23.86235405688331
638,2282,2282,21,2.2,2026-07-16 09:14:56.528610,-45.03876463848813,167.57115766167544,69.15725759012517,0.0,-8728.196909627743,True,1.0,1000,82.76765622133546,-5.325427841182976,-11.906915937481557,1.0724014159452728e+18,5.986904919154644,289.3829208369657,79.17957522791183,115.60780806654707,40.772643529091994,27.657220256737297,23.855792338374503
639,2282,2282,21,2.2,2026-07-16 09:14:56.528610,-45.03876463848813,167.57115766167544,69.15725759012517,0.0,-8728.196909627743,True,1.0,1000,82.71344963024238,-5.280645269886024,-12.005905099871596,1.073193277240754e+18,5.987118628983914,289.3664870981823,79.17021854019129,115.58823922179666,40.7899031013082,27.642740628812096,23.889680443714855
640,2282,2282,21,2.2,2026-07-16 09:14:56.528610,-45.03876463848813,167.57115766167544,69.15725759012517,0.0,-8728.196909627743,True,1.0,1000,82.68149900774824,-5.276024254880669,-12.04247673737109,1.0740567677702257e+18,5.987351490665586,289.3730457774686,79.17585340730386,115.6398797818935,40.74145740580516,27.68791066020096,23.83852845879729
641,2282,2282,21,2.2,2026-07-16 09:14:56.528610,-45.03876463848813,167.57115766167544,69.15725759012517,0.0,-8728.196909627743,True,1.0,1000,82.58581936488021,-5.317887505267333,-12.096293129852464,1.0738599744436713e+18,5.987298436929465,289.39827120156303,79.1848093525775,115.61535588089221,40.77212099253093,27.66221540666109,23.839470844066994
642,2282,2282,21,2.2,2026-07-16 09:14:56.528610,-45.03876463848813,167.57115766167544,69.15725759012517,0.0,-8728.196909627743,True,1.0,1000,82.51904667646578,-5.38697667628605,-12.09397664724818,1.0742546093232476e+18,5.987404817196633,289.3930137425538,79.17627405362812,115.59893402787303,40.796337178623446,27.65030911755418,23.869266013756075
643,2282,2282,21,2.2,2026-07-16 09:14:56.528610,-45.03876463848813,167.57115766167544,69.15725759012517,0.0,-8728.196909627743,True,1.0,1000,82.4938242182863,-5.419719814810269,-12.086455966903424,1.0751291715841352e+18,5.987640430515712,289.37905677627356,79.16410299638454,115.6178417854738,40.78751516228354,27.6720411627547,23.879074629483448
644,2282,2282,21,2.2,2026-07-16 09:14:56.528610,-45.03876463848813,167.57115766167544,69.15725759012517,0.0,-8728.196909627743,True,1.0,1000,82.53573272120008,-5.283562843720499,-12.18070443507943,1.0746300993199803e+18,5.987506000372938,289.3933526570031,79.18442508434443,115.59741877668489,40.78350981035165,27.645949692681626,23.854081424733767
645,2282,2282,21,2.2,2026-07-16 09:14:56.528610,-45.03876463848813,167.57115766167544,69.15725759012517,0.0,-8728.196909627743,True,1.0,1000,82.73968985397393,-5.292021982204161,-11.968288163821903,1.0732166223318003e+18,5.9871249270317835,289.3489461903957,79.17379712529922,115.61824095302973,40.73984358816943,27.668869078258265,23.859330587537688
646,2282,2282,21,2.2,2026-07-16 09:14:56.528610,-45.03876463848813,167.57115766167544,69.15725759012517,0.0,-8728.196909627743,True,1.0,1000,82.53345474819011,-5.3442359457354325,-12.122309306074463,1.0751664310800056e+18,5.987650464232897,289.3854235363305,79.18531446422797,115.62127365343385,40.75322514499061,27.667444335771467,23.833895700096694
647,2282,2282,21,2.2,2026-07-16 09:14:56.528610,-45.03876463848813,167.57115766167544,69.15725759012517,0.0,-8728.196909627743,True,1.0,1000,82.56039332235994,-5.33158238719638,-12.108024290443678,1.0744192105168276e+18,5.987449176583692,289.38760245475316,79.19320574638571,115.58778198094407,40.7705458293928,27.633933800982707,23.84389790333656
648,2282,2282,21,2.2,2026-07-16 09:14:56.528610,-45.03876463848813,167.57115766167544,69.15725759012517,0.0,-8728.196909627743,True,1.0,1000,82.53646980023173,-5.336978892663316,-12.126551307104949,1.0751331937157517e+18,5.987641513663886,289.36081506106706,79.17822046084135,115.60498925675014,40.75540122028241,27.655136467363068,23.860685660950406
649,2282,2282,21,2.2,2026-07-16 09:14:56.528610,-45.03876463848813,167.57115766167544,69.15725759012517,0.0,-8728.196909627743,True,1.0,1000,82.61205227845217,-5.280385857553719,-12.10756186399412,1.0747250645494303e+18,5.987531585023221,289.36958759677833,79.1697836724656,115.60515933994769,40.779014557661014,27.65837066709947,23.87747690531272
650,2282,2282,21,2.2,2026-07-16 09:14:56.528610,-45.03876463848813,167.57115766167544,69.15725759012517,0.0,-8728.196909627743,True,1.0,1000,82.55478254035978,-5.402799750605655,-12.042417709034572,1.0738257242251313e+18,5.987289202380899,289.40256804226027,79.16747558729793,115.6247844126654,40.798989476876365,27.677159097321354,23.86695633025686
651,2282,2282,21,2.2,2026-07-16 09:14:56.528610,-45.03876463848813,167.57115766167544,69.15725759012517,0.0,-8728.196909627743,True,1.0,1000,82.61847366677344,-5.3674136877462155,-12.014112645480349,1.0736068426582574e+18,5.987230180546498,289.4081753706803,79.18939079906721,115.65188461899416,40.74212920546331,27.693964142277792,23.802158125941574
652,2282,2282,21,2.2,2026-07-16 09:14:56.528610,-45.03876463848813,167.57115766167544,69.15725759012517,0.0,-8728.196909627743,True,1.0,1000,82.84109627239725,-5.3094355852498,-11.84946814235294,1.0707629020784259e+18,5.986462210732923,289.39022385774257,79.18509132548832,115.62727943147043,40.75319621960118,27.673019326863812,23.829715250346943
653,2282,2282,21,2.2,2026-07-16 09:14:56.528610,-45.03876463848813,167.57115766167544,69.15725759012517,0.0,-8728.196909627743,True,1.0,1000,82.72052367013244,-5.262221434345569,-12.017254895521997,1.073654816178942e+18,5.987243117727972,289.35305126070193,79.17587962968699,115.62575076582868,40.733711136033314,27.674978000214477,23.849363478144944
654,2282,2282,21,2.2,2026-07-16 09:14:56.528610,-45.03876463848813,167.57115766167544,69.15725759012517,0.0,-8728.196909627743,True,1.0,1000,82.6490072692114,-5.380921245028976,-11.970071485759622,1.0730218083336525e+18,5.987072365835464,289.3899623966817,79.17519760778738,115.62221388772019,40.774912718337745,27.671991844763305,23.853458083884757
655,2282,2282,21,2.2,2026-07-16 09:14:56.528610,-45.03876463848813,167.57115766167544,69.15725759012517,0.0,-8728.196909627743,True,1.0,1000,82.64485524458655,-5.441875649866112,-11.913269105547347,1.072083151226472e+18,5.986818980485563,289.3673377474883,79.17263195174945,115.61005203483238,40.767439776251074,27.661805284136413,23.867986610514585
656,2282,2282,21,2.2,2026-07-16 09:14:56.528610,-45.03876463848813,167.57115766167544,69.15725759012517,0.0,-8728.196909627743,True,1.0,1000,82.54436690329925,-5.336686071268269,-12.118947025432487,1.0741810861407992e+18,5.987385000786326,289.40470823517654,79.17799368801164,115.65575446708527,40.75552214150349,27.70165243618279,23.8220204074483
657,2282,2282,21,2.2,2026-07-16 09:14:56.528610,-45.03876463848813,167.57115766167544,69.15725759012517,0.0,-8728.196909627743,True,1.0,1000,82.61330416277924,-5.377273487042492,-12.00942235017827,1.0726745583808215e+18,5.986978653452538,289.37280558349755,79.1688392402892,115.62863429613338,40.76345335023645,27.68018242293749,23.861253574525303
658,2282,2282,21,2.2,2026-07-16 09:14:56.528610,-45.03876463848813,167.57115766167544,69.15725759012517,0.0,-8728.196909627743,True,1.0,1000,82.5259701114724,-5.372997122522339,-12.101032766005256,1.0749606309124375e+18,5.987595039367391,289.38583817944004,79.16383839746274,115.63611780238395,40.778844430582495,27.688850211821464,23.865505398777945
659,2282,2282,21,2.2,2026-07-16 09:14:56.528610,-45.03876463848813,167.57115766167544,69.15725759012517,0.0,-8728.196909627743,True,1.0,1000,82.68763353895434,-5.317333503467007,-11.995032957578655,1.0732288685014902e+18,5.98712823075349,289.38477360152416,79.18240179946294,115.60698143085685,40.770194116952354,27.655433449472344,23.850760045033976
660,2282,2282,21,2.2,2026-07-16 09:14:56.528610,-45.03876463848813,167.57115766167544,69.15725759012517,0.0,-8728.196909627743,True,1.0,1000,82.6537595966943,-5.2643958900534935,-12.081844513252205,1.0736682131998483e+18,5.9872467304446255,289.3958441513066,79.17916984303424,115.62084297424751,40.774934121553414,27.669289781747086,23.84655027875578
661,2282,2282,21,2.2,2026-07-16 09:14:56.528610,-45.03876463848813,167.57115766167544,69.15725759012517,0.0,-8728.196909627743,True,1.0,1000,82.65474892946357,-5.3601136343886004,-11.985137436147834,1.0732475220966145e+18,5.987133262971851,289.3790737532221,79.17886314240535,115.61681765817627,40.76221344166945,27.665719967488997,23.85026955237066
662,2282,2282,21,2.2,2026-07-16 09:14:56.528610,-45.03876463848813,167.57115766167544,69.15725759012517,0.0,-8728.196909627743,True,1.0,1000,82.49166249879629,-5.358916355181901,-12.149421146021819,1.0753448729212936e+18,5.987698512531641,289.3749164047172,79.19495941361036,115.64846032662892,40.70195990974938,27.688805434551128,23.793628765422962
663,2282,2282,21,2.2,2026-07-16 09:14:56.528610,-45.03876463848813,167.57115766167544,69.15725759012517,0.0,-8728.196909627743,True,1.0,1000,82.42258947925612,-5.398132639302415,-12.179277881441472,1.0750694184041477e+18,5.987624338683404,289.41412086063997,79.18971050894001,115.63330060572122,40.7636541356041,27.676845344032575,23.815815551104375
664,2282,2282,21,2.2,2026-07-16 09:14:56.528610,-45.03876463848813,167.57115766167544,69.15725759012517,0.0,-8728.196909627743,True,1.0,1000,82.47168322071639,-5.336000018080759,-12.19231676120285,1.075408552351691e+18,5.987715657298936,289.3826576926606,79.1664227567871,115.60805081540357,40.7955330579446,27.66224155333915,23.881983763544905
665,2282,2282,21,2.2,2026-07-16 09:14:56.528610,-45.03876463848813,167.57115766167544,69.15725759012517,0.0,-8728.196909627743,True,1.0,1000,82.63272156516597,-5.287212184332681,-12.080066250501368,1.0739007370350993e+18,5.987309426961041,289.38914441264575,79.18296257331743,115.62392681076322,40.75881434987606,27.670728164302847,23.836567429744022
666,2282,2282,21,2.2,2026-07-16 09:14:56.528610,-45.03876463848813,167.57115766167544,69.15725759012517,0.0,-8728.196909627743,True,1.0,1000,82.47388140736929,-5.376002767678795,-12.150115824951927,1.0748360536097673e+18,5.987561483800289,289.37389857908545,79.1746833849963,115.60418046887386,40.77547432385449,27.65568731378478,23.868405297332817
667,2282,2282,21,2.2,2026-07-16 09:14:56.528610,-45.03876463848813,167.57115766167544,69.15725759012517,0.0,-8728.196909627743,True,1.0,1000,82.60456148267042,-5.358879661085682,-12.036558856243909,1.073186164976909e+18,5.9871167102073395,289.3788861870023,79.15817039941152,115.61353992731223,40.801628190177276,27.670273937647856,23.894289449552033
668,2282,2282,21,2.2,2026-07-16 09:14:56.528610,-45.03876463848813,167.57115766167544,69.15725759012517,0.0,-8728.196909627743,True,1.0,1000,82.57399517721346,-5.446131391384509,-11.97987343140203,1.0734207960181722e+18,5.987180003251518,289.35292693384133,79.16085340977857,115.64534345709384,40.743197110317745,27.698375835801453,23.864374437925118
669,2282,2282,21,2.2,2026-07-16 09:14:56.528610,-45.03876463848813,167.57115766167544,69.15725759012517,0.0,-8728.196909627743,True,1.0,1000,82.70817844286975,-5.3324699100293085,-11.959351647100947,1.073257116645488e+18,5.987135851278787,289.38175139837375,79.16843544279763,115.62195857768266,40.77893053618048,27.674224730148637,23.867212252253886
670,2282,2282,21,2.2,2026-07-16 09:14:56.528610,-45.03876463848813,167.57115766167544,69.15725759012517,0.0,-8728.196909627743,True,1.0,1000,82.58043051506424,-5.459658324938339,-11.95991115999744,1.0732401441899072e+18,5.987131272629383,289.3828371870937,79.17459617490822,115.62770442439111,40.764075008845765,27.67723273723796,23.85043040261346
671,2282,2282,21,2.2,2026-07-16 09:14:56.528610,-45.03876463848813,167.57115766167544,69.15725759012517,0.0,-8728.196909627743,True,1.0,1000,82.50426053398373,-5.3447027620404866,-12.151036703975791,1.0750562004779574e+18,5.987620778908506,289.38166697435537,79.16160160611808,115.61839331455728,40.794085361431925,27.673458596551004,23.8836631926224
672,2282,2282,21,2.2,2026-07-16 09:14:56.528610,-45.03876463848813,167.57115766167544,69.15725759012517,0.0,-8728.196909627743,True,1.0,1000,82.51600782250674,-5.285582853257086,-12.198409324236179,1.0760707966315123e+18,5.9878938968565185,289.38285920541625,79.16783697853917,115.62157142813064,40.78143813051836,27.674089034575,23.868710701244567
673,2282,2282,21,2.2,2026-07-16 09:14:56.528610,-45.03876463848813,167.57115766167544,69.15725759012517,0.0,-8728.196909627743,True,1.0,1000,82.59013221114051,-5.354016542126708,-12.055851246732786,1.073793760483926e+18,5.987280584046956,289.37987696516547,79.16806074990488,115.64373686500444,40.75876040180329,27.69427853865828,23.851173110969558
674,2282,2282,21,2.2,2026-07-16 09:14:56.528610,-45.03876463848813,167.57115766167544,69.15725759012517,0.0,-8728.196909627743,True,1.0,1000,82.59775747208926,-5.430626155523347,-11.971616372387412,1.0728622996067671e+18,5.987029322964216,289.42258826865344,79.19843993352768,115.65311747084816,40.739411123688264,27.691801371322825,23.783071998296634
675,2282,2282,21,2.2,2026-07-16 09:14:56.528610,-45.03876463848813,167.57115766167544,69.15725759012517,0.0,-8728.196909627743,True,1.0,1000,82.58537973010542,-5.318347164979961,-12.096273104914616,1.074096946784264e+18,5.987362321376609,289.3925890379843,79.18324031969335,115.66194393223915,40.728720652987946,27.705405366148174,23.806749367202386
676,2282,2282,21,2.2,2026-07-16 09:14:56.528610,-45.03876463848813,167.57115766167544,69.15725759012517,0.0,-8728.196909627743,True,1.0,1000,82.62984775045273,-5.284274068802309,-12.085878180744965,1.0741625612255292e+18,5.987380007625828,289.3939503995729,79.17883247714458,115.61698621254777,40.77699776949384,27.665885308860705,23.850201046716755
677,2282,2282,21,2.2,2026-07-16 09:14:56.528610,-45.03876463848813,167.57115766167544,69.15725759012517,0.0,-8728.196909627743,True,1.0,1000,82.3938466965111,-5.411945315329146,-12.19420798815974,1.0761938494457878e+18,5.987927003787786,289.37519534884814,79.16385540068585,115.62184626619238,40.78060313632783,27.67579327388708,23.876480063631956
678,2282,2282,21,2.2,2026-07-16 09:14:56.528610,-45.03876463848813,167.57115766167544,69.15725759012517,0.0,-8728.196909627743,True,1.0,1000,82.56100824365545,-5.350798769542061,-12.088192986802492,1.0742637324606359e+18,5.987407276024901,289.3773164205259,79.16155326278543,115.59125611385059,40.81349783937788,27.64866484806108,23.904731224232776
679,2282,2282,21,2.2,2026-07-16 09:14:56.528610,-45.03876463848813,167.57115766167544,69.15725759012517,0.0,-8728.196909627743,True,1.0,1000,82.4935995054617,-5.436391272319519,-12.07000922221878,1.0740270442509425e+18,5.987343478091566,289.360096436407,79.16752863506301,115.61073252169817,40.7686694323803,27.66428999404806,23.877695194034697
680,2282,2282,21,2.2,2026-07-16 09:14:56.528610,-45.03876463848813,167.57115766167544,69.15725759012517,0.0,-8728.196909627743,True,1.0,1000,82.68552840482857,-5.37522776154848,-11.939243833622946,1.0718688581228573e+18,5.986761102129882,289.3944787343179,79.17010022592409,115.59574726814289,40.81155288595922,27.64964879439099,23.884113749929565
681,2282,2282,21,2.2,2026-07-16 09:14:56.528610,-45.03876463848813,167.57115766167544,69.15725759012517,0.0,-8728.196909627743,True,1.0,1000,82.51646219700586,-5.397065562162785,-12.086472240831348,1.0747476778533297e+18,5.987537676956314,289.37587686283,79.17825805116973,115.62053361421445,40.756855478497414,27.669339229410173,23.848617212469136
682,2282,2282,21,2.2,2026-07-16 09:14:56.528610,-45.03876463848813,167.57115766167544,69.15725759012517,0.0,-8728.196909627743,True,1.0,1000,82.56648118636754,-5.391850634904917,-12.041668178727537,1.0735649016905116e+18,5.987218869710337,289.3811764532948,79.16801304109521,115.63415858269089,40.76848063947704,27.68553589981693,23.85865012190436
683,2282,2282,21,2.2,2026-07-16 09:14:56.528610,-45.03876463848813,167.57115766167544,69.15725759012517,0.0,-8728.196909627743,True,1.0,1000,82.54964917815519,-5.378833977593669,-12.071516844251148,1.0743678593235843e+18,5.987435338364489,289.3560634692019,79.16084340683373,115.60087103651436,40.78511227199648,27.657714597962027,23.89872001941148
684,2282,2282,21,2.2,2026-07-16 09:14:56.528610,-45.03876463848813,167.57115766167544,69.15725759012517,0.0,-8728.196909627743,True,1.0,1000,82.50718283076914,-5.407222313978372,-12.08559485525248,1.0747100871638075e+18,5.987527550105226,289.3682883706428,79.16100977895162,115.59891075196443,40.79875258164407,27.655861604744008,23.899901821936464
685,2282,2282,21,2.2,2026-07-16 09:14:56.528610,-45.03876463848813,167.57115766167544,69.15725759012517,0.0,-8728.196909627743,True,1.0,1000,82.61206380016812,-5.256175566112005,-12.131760633719885,1.0744740883896381e+18,5.987463964448282,289.3583882252839,79.16621718807055,115.61974548956601,40.76143390954508,27.673010334624188,23.873366914470147
686,2282,2282,21,2.2,2026-07-16 09:14:56.528610,-45.03876463848813,167.57115766167544,69.15725759012517,0.0,-8728.196909627743,True,1.0,1000,82.49621522435665,-5.37560868775747,-12.128176087885885,1.074496052664619e+18,5.987469882919485,289.3900717545856,79.18189960099018,115.65229510025269,40.736961874668886,27.697065798851106,23.816855281747877
687,2282,2282,21,2.2,2026-07-16 09:14:56.528610,-45.03876463848813,167.57115766167544,69.15725759012517,0.0,-8728.196909627743,True,1.0,1000,82.68172160351841,-5.277443010192848,-12.040835386288746,1.0738583709798277e+18,5.987298004609898,289.3677604483541,79.1724611582147,115.58213262098543,40.79252072981325,27.63633804714382,23.889902837575768
688,2282,2282,21,2.2,2026-07-16 09:14:56.528610,-45.03876463848813,167.57115766167544,69.15725759012517,0.0,-8728.196909627743,True,1.0,1000,82.32370910259704,-5.456467453667799,-12.219823443735173,1.0764360966325494e+18,5.987992168489908,289.35969922583337,79.1715413577359,115.5804173739176,40.78759249759338,27.63510577982566,23.89307556085831
689,2282,2282,21,2.2,2026-07-16 09:14:56.528610,-45.03876463848813,167.57115766167544,69.15725759012517,0.0,-8728.196909627743,True,1.0,1000,82.67645160137872,-5.326624957447852,-11.996923441173422,1.0730220113020823e+18,5.987072420601707,289.3814079192265,79.16530520544468,115.59122591582322,40.81094880157035,27.647266239541832,23.897228290942635
690,2282,2282,21,2.2,2026-07-16 09:14:56.528610,-45.03876463848813,167.57115766167544,69.15725759012517,0.0,-8728.196909627743,True,1.0,1000,82.71362886399801,-5.320510541447472,-11.965860594554519,1.0728440327798461e+18,5.987024393316566,289.37129147884696,79.16064947490375,115.65068700092274,40.75727307460711,27.70333697875037,23.860665657136593
691,2282,2282,21,2.2,2026-07-16 09:14:56.528610,-45.03876463848813,167.57115766167544,69.15725759012517,0.0,-8728.196909627743,True,1.0,1000,82.5562526206297,-5.363832337033333,-12.079915042336955,1.0747960533204751e+18,5.987550708682158,289.35864300250057,79.18056227109437,115.62276083876958,40.733590538835465,27.670536405318792,23.84227945742521
692,2282,2282,21,2.2,2026-07-16 09:14:56.528610,-45.03876463848813,167.57115766167544,69.15725759012517,0.0,-8728.196909627743,True,1.0,1000,82.63750400508238,-5.325783796821216,-12.03671219809642,1.0734086466444854e+18,5.987176726229229,289.3832728976799,79.19551856203282,115.63280162132152,40.722925297196255,27.67427483584552,23.80455253052426
693,2282,2282,21,2.2,2026-07-16 09:14:56.528610,-45.03876463848813,167.57115766167544,69.15725759012517,0.0,-8728.196909627743,True,1.0,1000,82.42964710669382,-5.429698321018224,-12.14065457228796,1.075199665833303e+18,5.987659413822141,289.3751544888929,79.16801383326245,115.62041890156088,40.774423587025105,27.67297055284847,23.86924544935362
694,2282,2282,21,2.2,2026-07-16 09:14:56.528610,-45.03876463848813,167.57115766167544,69.15725759012517,0.0,-8728.196909627743,True,1.0,1000,82.75583531698415,-5.273801861105749,-11.970362821910102,1.0720695174852351e+18,5.986815298497382,289.3814497404347,79.16679788842258,115.6344753861093,40.770634533364614,27.68626877756261,23.86084112059474
695,2282,2282,21,2.2,2026-07-16 09:14:56.528610,-45.03876463848813,167.57115766167544,69.15725759012517,0.0,-8728.196909627743,True,1.0,1000,82.64004031300352,-5.25225657154646,-12.107703115450013,1.0741004868527716e+18,5.987363275622989,289.38814847620205,79.18109497214645,115.64669375482337,40.74133373442675,27.69223451278702,23.822777525508766
696,2282,2282,21,2.2,2026-07-16 09:14:56.528610,-45.03876463848813,167.57115766167544,69.15725759012517,0.0,-8728.196909627743,True,1.0,1000,82.60740969493068,-5.445573153437236,-11.94701715163208,1.0724846189697665e+18,5.98692738164688,289.4118313473103,79.19277582139253,115.61902218386162,40.76833689032961,27.662666878068666,23.820664722837556
697,2282,2282,21,2.2,2026-07-16 09:14:56.528610,-45.03876463848813,167.57115766167544,69.15725759012517,0.0,-8728.196909627743,True,1.0,1000,82.61314759710068,-5.373568652625977,-12.013283750273354,1.0735102715646244e+18,5.987204136140055,289.37525898696254,79.16274201164916,115.61430724095561,40.78921515599606,27.669306076404585,23.884532045387402
698,2282,2282,21,2.2,2026-07-16 09:14:56.528610,-45.03876463848813,167.57115766167544,69.15725759012517,0.0,-8728.196909627743,True,1.0,1000,82.77381823116377,-5.380043013174577,-11.846138755661649,1.0711163330273846e+18,5.986557761163431,289.4216172497227,79.19747563351228,115.67091511858915,40.72471448974109,27.708438796815372,23.771337040823255
699,2282,2282,21,2.2,2026-07-16 09:14:56.528610,-45.03876463848813,167.57115766167544,69.15725759012517,0.0,-8728.196909627743,True,1.0,1000,82.85642003716282,-5.2601118569428325,-11.883468105894336,1.0712885247498376e+18,5.986604301955993,289.38662521994735,79.18115703801573,115.6209213987386,40.76211763434342,27.668637164428826,23.842504828604657
700,2282,2282,21,2.2,2026-07-16 09:14:56.528610,-45.03876463848813,167.57115766167544,69.15725759012517,0.0,-8728.196909627743,True,1.0,1000,82.59683361991902,-5.37644560234088,-12.026720777740104,1.0735543872650753e+18,5.987216034061679,289.39393423957756,79.180442843671,115.62837536839899,40.764207559035704,27.67571540427346,23.838191567872336
701,2282,2282,21,2.2,2026-07-16 09:14:56.528610,-45.03876463848813,167.57115766167544,69.15725759012517,0.0,-8728.196909627743,True,1.0,1000,82.47573064056563,-5.427162385448199,-12.09710697398617,1.0741292147981161e+18,5.987371019294057,289.3688380539044,79.1681295651878,115.65432589891476,40.738389347532774,27.703938486815844,23.8428806363052
702,2282,2282,21,2.2,2026-07-16 09:14:56.528610,-45.03876463848813,167.57115766167544,69.15725759012517,0.0,-8728.196909627743,True,1.0,1000,82.70998845191804,-5.283910406129184,-12.006101141952785,1.072595651190355e+18,5.986957354530369,289.3657857927965,79.17045763343806,115.6194140574499,40.76159131515279,27.671160048971927,23.86512133957792
703,2282,2282,21,2.2,2026-07-16 09:14:56.528610,-45.03876463848813,167.57115766167544,69.15725759012517,0.0,-8728.196909627743,True,1.0,1000,82.34972171832223,-5.43684867799516,-12.21342960368261,1.0760700942479363e+18,5.987893707871797,289.38744466740644,79.15402099504125,115.63269321174445,40.80085189064408,27.68930135519331,23.887817372695707
704,2282,2282,21,2.2,2026-07-16 09:14:56.528610,-45.03876463848813,167.57115766167544,69.15725759012517,0.0,-8728.196909627743,True,1.0,1000,82.58438367390649,-5.333894394090028,-12.081721932003482,1.0749771902427858e+18,5.987599499419352,289.3911765578847,79.16368887949982,115.62542128362492,40.793764757431276,27.679123143158524,23.874055116358843
705,2282,2282,21,2.2,2026-07-16 09:14:56.528610,-45.03876463848813,167.57115766167544,69.15725759012517,0.0,-8728.196909627743,True,1.0,1000,82.58342841408549,-5.309373214166842,-12.107198371747664,1.074544309015521e+18,5.987482885601856,289.3815403861708,79.16476936853643,115.63729275758234,40.77187183090004,27.689585153455536,23.862734111177417
706,2282,2282,21,2.2,2026-07-16 09:14:56.528610,-45.03876463848813,167.57115766167544,69.15725759012517,0.0,-8728.196909627743,True,1.0,1000,82.63740245089232,-5.388787316687221,-11.97381023242045,1.0733375754975117e+18,5.987157555631019,289.37267574657074,79.16592649162028,115.60206847720006,40.791650505069434,27.656952737903588,23.88760059402576
707,2282,2282,21,2.2,2026-07-16 09:14:56.528610,-45.03876463848813,167.57115766167544,69.15725759012517,0.0,-8728.196909627743,True,1.0,1000,82.57011316707234,-5.391696416493426,-12.038190416434235,1.0733799186962976e+18,5.987168977359077,289.4111773721688,79.1942851711933,115.63495106409458,40.75115234929729,27.67669024330793,23.805371790993856
708,2282,2282,21,2.2,2026-07-16 09:14:56.528610,-45.03876463848813,167.57115766167544,69.15725759012517,0.0,-8728.196909627743,True,1.0,1000,82.61679675410672,-5.337967133138081,-12.045236112755209,1.0734507964385661e+18,5.987188095036221,289.389780064065,79.17855156060405,115.61791773860878,40.77251518053077,27.666839710273585,23.850045951525097
709,2282,2282,21,2.2,2026-07-16 09:14:56.528610,-45.03876463848813,167.57115766167544,69.15725759012517,0.0,-8728.196909627743,True,1.0,1000,82.4665811445451,-5.39242102945441,-12.14099782600048,1.0758310004454564e+18,5.987829369648719,289.35815138782976,79.17804975686956,115.58648925078515,40.769173235518515,27.63828087411911,23.875318561982347
710,2282,2282,21,2.2,2026-07-16 09:14:56.528610,-45.03876463848813,167.57115766167544,69.15725759012517,0.0,-8728.196909627743,True,1.0,1000,82.37906197920701,-5.372064235761858,-12.248873785031131,1.0763695274648893e+18,5.987974262787778,289.34827542118524,79.16295620164574,115.59227900908591,40.78107090960345,27.649087326906464,23.901125931730522
711,2282,2282,21,2.2,2026-07-16 09:14:56.528610,-45.03876463848813,167.57115766167544,69.15725759012517,0.0,-8728.196909627743,True,1.0,1000,82.50936532280042,-5.32382464449415,-12.166810032705426,1.075613411024458e+18,5.987770805653494,289.3567017203569,79.16752764042509,115.6170341486708,40.75978354017631,27.670052746142055,23.872832309930583
712,2282,2282,21,2.2,2026-07-16 09:14:56.528610,-45.03876463848813,167.57115766167544,69.15725759012517,0.0,-8728.196909627743,True,1.0,1000,82.53794960928248,-5.358836472616612,-12.103213918100924,1.074492190806266e+18,5.987468842315827,289.4010011637326,79.17503846789396,115.63661616358536,40.773698198569484,27.685222477608534,23.842675811579348
713,2282,2282,21,2.2,2026-07-16 09:14:56.528610,-45.03876463848813,167.57115766167544,69.15725759012517,0.0,-8728.196909627743,True,1.0,1000,82.44640863454711,-5.478108856282462,-12.07548250917043,1.0744888011968106e+18,5.987467928959723,289.3823061948944,79.16759642041515,115.58088821153163,40.8168017452585,27.6369776710155,23.900627948270234
714,2282,2282,21,2.2,2026-07-16 09:14:56.528610,-45.03876463848813,167.57115766167544,69.15725759012517,0.0,-8728.196909627743,True,1.0,1000,82.4821090871075,-5.3108303475355765,-12.207060565356926,1.0758837860924838e+18,5.98784357507246,289.38320205105134,79.18074766455312,115.66295170604843,40.722879824792514,27.707234371897684,23.81096842191959
715,2282,2282,21,2.2,2026-07-16 09:14:56.528610,-45.03876463848813,167.57115766167544,69.15725759012517,0.0,-8728.196909627743,True,1.0,1000,82.55174487714407,-5.330585044431126,-12.117670078424803,1.0749282049092431e+18,5.987586305623258,289.3872514068258,79.18445399097143,115.62530423667758,40.753074057024946,27.67144471622364,23.832515166181107
716,2282,2282,21,2.2,2026-07-16 09:14:56.528610,-45.03876463848813,167.57115766167544,69.15725759012517,0.0,-8728.196909627743,True,1.0,1000,82.49990463153598,-5.278425984189681,-12.22166938427433,1.0760778956186153e+18,5.987895806917186,289.3647090918017,79.15764921390948,115.59731450932871,40.802536232065464,27.655630334109734,23.907875506601258
717,2282,2282,21,2.2,2026-07-16 09:14:56.528610,-45.03876463848813,167.57115766167544,69.15725759012517,0.0,-8728.196909627743,True,1.0,1000,82.62521416784126,-5.312637336389176,-12.062148495769565,1.0736790578827512e+18,5.987249654850323,289.36826187273806,79.17080272429804,115.63842303793118,40.74690385831636,27.68841895564616,23.849772774089686
718,2282,2282,21,2.2,2026-07-16 09:14:56.528610,-45.03876463848813,167.57115766167544,69.15725759012517,0.0,-8728.196909627743,True,1.0,1000,82.45209967655106,-5.383510388746491,-12.164389934702458,1.0756831488729919e+18,5.987789576822082,289.3698702385775,79.14822964218776,115.61775181744463,40.80658252870928,27.677756549853108,23.910959303929193
719,2282,2282,21,2.2,2026-07-16 09:14:56.528610,-45.03876463848813,167.57115766167544,69.15725759012517,0.0,-8728.196909627743,True,1.0,1000,82.53071632854017,-5.3147018225203455,-12.154581848939493,1.0750684256460047e+18,5.987624071321085,289.3870887812313,79.17666512639833,115.63816557151569,40.75555087074817,27.686046929441456,23.83822191139296
720,2282,2282,21,2.2,2026-07-16 09:14:56.528610,-45.03876463848813,167.57115766167544,69.15725759012517,0.0,-8728.196909627743,True,1.0,1000,82.51127395913676,-5.325358157081675,-12.163367883781573,1.0751012407409132e+18,5.987632908710286,289.36279432079465,79.16209679076537,115.67843636758175,40.72208668395092,27.728189586619493,23.836411759251174
721,2282,2282,21,2.2,2026-07-16 09:14:56.528610,-45.03876463848813,167.57115766167544,69.15725759012517,0.0,-8728.196909627743,True,1.0,1000,82.57726786747187,-5.226014834278205,-12.196717298249911,1.0753537067740246e+18,5.987700890979604,289.37137761972133,79.16630425225999,115.65796617699974,40.74100074084234,27.707933195255315,23.843734532868886
722,2282,2282,21,2.2,2026-07-16 09:14:56.528610,-45.03876463848813,167.57115766167544,69.15725759012517,0.0,-8728.196909627743,True,1.0,1000,82.5866728617255,-5.348876086570466,-12.06445105170403,1.074426671384608e+18,5.987451187097789,289.36864086502965,79.16960845049415,115.63354582947976,40.753647103659816,27.684393733957897,23.855925049924362
723,2282,2282,21,2.2,2026-07-16 09:14:56.528610,-45.03876463848813,167.57115766167544,69.15725759012517,0.0,-8728.196909627743,True,1.0,1000,82.59855278792321,-5.30668302248915,-12.094764189587638,1.0751567292186972e+18,5.987647851624145,289.3669704954877,79.16016207494124,115.65785373142621,40.747581630932885,27.710069005813683,23.856121992710737
724,2282,2282,21,2.2,2026-07-16 09:14:56.528610,-45.03876463848813,167.57115766167544,69.15725759012517,0.0,-8728.196909627743,True,1.0,1000,82.6240722037279,-5.387436626607851,-11.988491169664243,1.0730159764903741e+18,5.987070792245679,289.4090945042612,79.18738641264197,115.60243754629894,40.789614797151735,27.6494601102055,23.844265380406014
725,2282,2282,21,2.2,2026-07-16 09:14:56.528610,-45.03876463848813,167.57115766167544,69.15725759012517,0.0,-8728.196909627743,True,1.0,1000,82.58570930359265,-5.394921954004354,-12.01936874240299,1.0737641346123853e+18,5.987272595840095,289.3828833302694,79.17102897419474,115.61999730063349,40.77716626282922,27.671485005424195,23.86352584880427
726,2282,2282,21,2.2,2026-07-16 09:14:56.528610,-45.03876463848813,167.57115766167544,69.15725759012517,0.0,-8728.196909627743,True,1.0,1000,82.56661208204896,-5.362801246601377,-12.070586671349655,1.0740825524885751e+18,5.987358441276775,289.3622314402272,79.16299558115543,115.5819306264875,40.80399480022925,27.63961225709335,23.90905306593808
727,2282,2282,21,2.2,2026-07-16 09:14:56.528610,-45.03876463848813,167.57115766167544,69.15725759012517,0.0,-8728.196909627743,True,1.0,1000,82.47817244594641,-5.320145677626201,-12.201681876427383,1.0753312485845908e+18,5.987694844243831,289.3720433009729,79.17774731630993,115.62368908653853,40.751181670519514,27.672411483247547,23.84720829465384
728,2282,2282,21,2.2,2026-07-16 09:14:56.528610,-45.03876463848813,167.57115766167544,69.15725759012517,0.0,-8728.196909627743,True,1.0,1000,82.60699501460576,-5.38457579924237,-12.008429186151877,1.0737651907053087e+18,5.987272880604746,289.3767089768279,79.1651187626701,115.63134254241831,40.77160150444157,27.684016216726523,23.86662179629062
729,2282,2282,21,2.2,2026-07-16 09:14:56.528610,-45.03876463848813,167.57115766167544,69.15725759012517,0.0,-8728.196909627743,True,1.0,1000,82.61349263839857,-5.360488631150391,-12.026018730451042,1.074063470888159e+18,5.987353297595559,289.4011880658689,79.18145244695907,115.6445093283168,40.75563761882761,27.690106042717538,23.82374229825653
730,2282,2282,21,2.2,2026-07-16 09:14:56.528610,-45.03876463848813,167.57115766167544,69.15725759012517,0.0,-8728.196909627743,True,1.0,1000,82.73657614936508,-5.319938255728108,-11.943485594906818,1.0722528949516662e+18,5.986864818303116,289.3753773235727,79.1825244094475,115.6153788151125,40.75326636195153,27.66306921045009,23.844036235461033
731,2282,2282,21,2.2,2026-07-16 09:14:56.528610,-45.03876463848813,167.57115766167544,69.15725759012517,0.0,-8728.196909627743,True,1.0,1000,82.66395672836761,-5.29903611444216,-12.037007157190237,1.0735815664908646e+18,5.987223364004472,289.3767605424035,79.18157687228792,115.64263372304438,40.73261970030385,27.688344951999493,23.824936628955353
732,2282,2282,21,2.2,2026-07-16 09:14:56.528610,-45.03876463848813,167.57115766167544,69.15725759012517,0.0,-8728.196909627743,True,1.0,1000,82.5845239537469,-5.372760321443685,-12.042715724809408,1.0736098475306045e+18,5.987230990897552,289.41145412320105,79.15947068714519,115.63600669892543,40.81230640612169,27.69034206958222,23.874342591648826
733,2282,2282,21,2.2,2026-07-16 09:14:56.528610,-45.03876463848813,167.57115766167544,69.15725759012517,0.0,-8728.196909627743,True,1.0,1000,82.64290339783058,-5.298205797933843,-12.058890804235576,1.0736244337567606e+18,5.987234924464613,289.41108724001424,79.1798441508514,115.62517403268548,40.78520960398485,27.67300539300812,23.84185922658242
734,2282,2282,21,2.2,2026-07-16 09:14:56.528610,-45.03876463848813,167.57115766167544,69.15725759012517,0.0,-8728.196909627743,True,1.0,1000,82.60070840353863,-5.318761263265566,-12.0805303331958,1.0736180716723612e+18,5.987233208764505,289.4000022699093,79.18119344688607,115.65555938563078,40.74530942431154,27.700309153880205,23.815759435549367
735,2282,2282,21,2.2,2026-07-16 09:14:56.528610,-45.03876463848813,167.57115766167544,69.15725759012517,0.0,-8728.196909627743,True,1.0,1000,82.53098262258574,-5.394054397942285,-12.074962979471971,1.0737796440340554e+18,5.987276777768812,289.3886246432764,79.16928399127767,115.60013478724761,40.80332147928358,27.653958656735128,23.8823606178976
736,2282,2282,21,2.2,2026-07-16 09:14:56.528610,-45.03876463848813,167.57115766167544,69.15725759012517,0.0,-8728.196909627743,True,1.0,1000,82.67237448188231,-5.341000692586538,-11.986624825531154,1.0727511673710303e+18,5.986999330537015,289.3936932708653,79.1819096622304,115.63289596552514,40.75742940827421,27.679316032336217,23.831767897902647
737,2282,2282,21,2.2,2026-07-16 09:14:56.528610,-45.03876463848813,167.57115766167544,69.15725759012517,0.0,-8728.196909627743,True,1.0,1000,82.70756617040466,-5.363038511255858,-11.929395318339482,1.0722991616951361e+18,5.986877310976554,289.37269069188704,79.17419331868433,115.62098593652298,40.76049368471998,27.671235014045216,23.85641875784212
738,2282,2282,21,2.2,2026-07-16 09:14:56.528610,-45.03876463848813,167.57115766167544,69.15725759012517,0.0,-8728.196909627743,True,1.0,1000,82.6005403790308,-5.34578051160339,-12.05367910936581,1.0741658804865564e+18,5.987380902297686,289.39900251874013,79.17134975399546,115.62259721798796,40.7904511978408,27.673745676613414,23.860877077549002
739,2282,2282,21,2.2,2026-07-16 09:14:56.528610,-45.03876463848813,167.57115766167544,69.15725759012517,0.0,-8728.196909627743,True,1.0,1000,82.70908772687221,-5.30678707856102,-11.98412519456677,1.0733942957939571e+18,5.987172855359934,289.33443575002957,79.15667944359953,115.60259536756746,40.76937503643049,27.660812545416427,23.905736664279868
740,2282,2282,21,2.2,2026-07-16 09:14:56.528610,-45.03876463848813,167.57115766167544,69.15725759012517,0.0,-8728.196909627743,True,1.0,1000,82.80738846221148,-5.366464712581804,-11.82614682520672,1.071109951929976e+18,5.9865560363065,289.38893011845033,79.17277501603311,115.64016880683668,40.762553267531615,27.68929680535884,23.84447525580133
741,2282,2282,21,2.2,2026-07-16 09:14:56.528610,-45.03876463848813,167.57115766167544,69.15725759012517,0.0,-8728.196909627743,True,1.0,1000,82.40655590063203,-5.3229577608066485,-12.270486338561327,1.0768380269727473e+18,5.988100255753529,289.3769973764025,79.16074400845802,115.6409380016745,40.771296606885116,27.694386982267233,23.867989199964367
742,2282,2282,21,2.2,2026-07-16 09:14:56.528610,-45.03876463848813,167.57115766167544,69.15725759012517,0.0,-8728.196909627743,True,1.0,1000,82.6007236950858,-5.328929703903846,-12.07034660101035,1.0742913420385923e+18,5.987414717110927,289.38004308367624,79.17451285939306,115.6155887170281,40.77197979809839,27.666182449690147,23.859941616503992
743,2282,2282,21,2.2,2026-07-16 09:14:56.528610,-45.03876463848813,167.57115766167544,69.15725759012517,0.0,-8728.196909627743,True,1.0,1000,82.63964590401015,-5.354639473272586,-12.005714622717258,1.0730318039191903e+18,5.987075062896165,289.3860198669825,79.18098296036199,115.61237159096316,40.76926610176835,27.66088066476959,23.849447489462214
744,2282,2282,21,2.2,2026-07-16 09:14:56.528610,-45.03876463848813,167.57115766167544,69.15725759012517,0.0,-8728.196909627743,True,1.0,1000,82.65767073942355,-5.3393580115975015,-12.00297124897895,1.0736205203838292e+18,5.987233869123897,289.3775887153316,79.17007516792036,115.61730211982689,40.77591344683716,27.669368233556774,23.867517807160645
745,2282,2282,21,2.2,2026-07-16 09:14:56.528610,-45.03876463848813,167.57115766167544,69.15725759012517,0.0,-8728.196909627743,True,1.0,1000,82.62480216234619,-5.3329303511226325,-12.042267486531184,1.0736556894821612e+18,5.987243353229245,289.35197762225357,79.16481340908287,115.59565804947958,40.77852355234917,27.651498129533728,23.894787797861312
746,2282,2282,21,2.2,2026-07-16 09:14:56.528610,-45.03876463848813,167.57115766167544,69.15725759012517,0.0,-8728.196909627743,True,1.0,1000,82.6205859803239,-5.298090984387683,-12.081323035288426,1.073897541010946e+18,5.987308565293744,289.37352602565215,79.17200895542109,115.62587248632477,40.76095199459614,27.67650063935863,23.857029501091052
747,2282,2282,21,2.2,2026-07-16 09:14:56.528610,-45.03876463848813,167.57115766167544,69.15725759012517,0.0,-8728.196909627743,True,1.0,1000,82.59718742932243,-5.3753455961126715,-12.027466974564891,1.0735626017984347e+18,5.987218249451913,289.3850298611193,79.18284856659032,115.62966071239975,40.74991324881762,27.676014597697776,23.8323777244292
748,2282,2282,21,2.2,2026-07-16 09:14:56.528610,-45.03876463848813,167.57115766167544,69.15725759012517,0.0,-8728.196909627743,True,1.0,1000,82.58628913746706,-5.312160449901557,-12.101550412631376,1.0746501576776554e+18,5.987511404497739,289.37482078629364,79.17780063434483,115.6265222117799,40.75139830962864,27.674983323263962,23.844917332481558
749,2282,2282,21,2.2,2026-07-16 09:14:56.528610,-45.03876463848813,167.57115766167544,69.15725759012517,0.0,-8728.196909627743,True,1.0,1000,82.5598281371555,-5.329821848941403,-12.1103500139031,1.0752603516837618e+18,5.98767575484051,289.33838796303417,79.15566051322588,115.61867733229529,40.761104694783334,27.675887744758164,23.895352191265346
750,2282,2282,21,2.2,2026-07-16 09:14:56.528610,-45.03876463848813,167.57115766167544,69.15725759012517,0.0,-8728.196909627743,True,1.0,1000,82.58678226631628,-5.2711286579775996,-12.142089075706124,1.0750276511543608e+18,5.987613090021587,289.38725421586423,79.17804609863511,115.61539777710604,40.773081738864825,27.664719264776213,23.85300334205432
751,2282,2282,21,2.2,2026-07-16 09:14:56.528610,-45.03876463848813,167.57115766167544,69.15725759012517,0.0,-8728.196909627743,True,1.0,1000,82.70591574653783,-5.294920841233544,-11.99916341222864,1.0734721496107215e+18,5.987193854326809,289.3782814295037,79.17954362164147,115.63406086534158,40.745204707769695,27.68124357219714,23.835613860873988
752,2282,2282,21,2.2,2026-07-16 09:14:56.528610,-45.03876463848813,167.57115766167544,69.15725759012517,0.0,-8728.196909627743,True,1.0,1000,82.66440114092919,-5.3463100305425275,-11.989288828528279,1.0730473097434172e+18,5.987079246708311,289.40920820483905,79.19690182502146,115.64709522467594,40.733988720905316,27.686849944688166,23.79078415725375
753,2282,2282,21,2.2,2026-07-16 09:14:56.528610,-45.03876463848813,167.57115766167544,69.15725759012517,0.0,-8728.196909627743,True,1.0,1000,82.57364395047453,-5.4280431683040025,-11.998312881221453,1.0733957507049021e+18,5.987173247796879,289.3821252870946,79.17274942773993,115.61387644136968,40.77868579894404,27.665259810087083,23.864799145026787
754,2282,2282,21,2.2,2026-07-16 09:14:56.528610,-45.03876463848813,167.57115766167544,69.15725759012517,0.0,-8728.196909627743,True,1.0,1000,82.63603675590281,-5.304694566171533,-12.059268677925646,1.0744973983287726e+18,5.987470245516847,289.3526531081454,79.15138620875108,115.63489803230738,40.76881276073645,27.692279288403746,23.89139441668802
755,2282,2282,21,2.2,2026-07-16 09:14:56.528610,-45.03876463848813,167.57115766167544,69.15725759012517,0.0,-8728.196909627743,True,1.0,1000,82.6208835703804,-5.327976182236791,-12.05114024738281,1.0737121010065098e+18,5.987258565163818,289.3805532124129,79.18904723005832,115.64579979212132,40.72040181883308,27.68852198663981,23.807526453261232
756,2282,2282,21,2.2,2026-07-16 09:14:56.528610,-45.03876463848813,167.57115766167544,69.15725759012517,0.0,-8728.196909627743,True,1.0,1000,82.462293112782,-5.358237570301245,-12.179469316916752,1.0754630772590282e+18,5.987730336536299,289.38147130506434,79.1685976242464,115.64407728270525,40.759106103944994,27.69439418261629,23.849835170974952
757,2282,2282,21,2.2,2026-07-16 09:14:56.528610,-45.03876463848813,167.57115766167544,69.15725759012517,0.0,-8728.196909627743,True,1.0,1000,82.62294402603585,-5.343835100770151,-12.033220873194004,1.0733616402539497e+18,5.987164046955528,289.3843520977371,79.18450613432027,115.64807817601906,40.73028085711045,27.692259161422655,23.814875753009716
758,2282,2282,21,2.2,2026-07-16 09:14:56.528610,-45.03876463848813,167.57115766167544,69.15725759012517,0.0,-8728.196909627743,True,1.0,1000,82.57998836186846,-5.247215704992898,-12.172795933138644,1.074843217256211e+18,5.987563413472409,289.3928641549461,79.18394123495814,115.64782071326415,40.74001910977034,27.692229249424084,23.816206007011925
759,2282,2282,21,2.2,2026-07-16 09:14:56.528610,-45.03876463848813,167.57115766167544,69.15725759012517,0.0,-8728.196909627743,True,1.0,1000,82.5381217226678,-5.308629913725597,-12.153248363606592,1.074648883186839e+18,5.987511061127292,289.4087564470347,79.19494495205606,115.66309712054823,40.723123041040594,27.702204003536334,23.78241050814812
760,2282,2282,21,2.2,2026-07-16 09:14:56.528610,-45.03876463848813,167.57115766167544,69.15725759012517,0.0,-8728.196909627743,True,1.0,1000,82.59429541547502,-5.434262831094011,-11.971441753430984,1.0733799186646802e+18,5.98716897735055,289.3590976916168,79.16934945895544,115.59225788765228,40.78055083537686,27.646732446888123,23.888317045514537
761,2282,2282,21,2.2,2026-07-16 09:14:56.528610,-45.03876463848813,167.57115766167544,69.15725759012517,0.0,-8728.196909627743,True,1.0,1000,82.6664837267651,-5.290396986708362,-12.043119286526538,1.0740110920588285e+18,5.9873391777650555,289.3688854991983,79.17128029582375,115.63148589001989,40.75271765424909,27.68190017767184,23.854162127248483
762,2282,2282,21,2.2,2026-07-16 09:14:56.528610,-45.03876463848813,167.57115766167544,69.15725759012517,0.0,-8728.196909627743,True,1.0,1000,82.45258332284918,-5.365899951554423,-12.18151672559639,1.0752809938351355e+18,5.987681312989829,289.40790429660836,79.16721045208035,115.66968501573963,40.76573635382799,27.718322177857896,23.832903589917308
763,2282,2282,21,2.2,2026-07-16 09:14:56.528610,-45.03876463848813,167.57115766167544,69.15725759012517,0.0,-8728.196909627743,True,1.0,1000,82.520254121211,-5.350819664492598,-12.128926214296396,1.0744741363930682e+18,5.98746397738337,289.38228913708195,79.174537970861,115.63722806118778,40.75534209377945,27.685964553130002,23.843207532571476
764,2282,2282,21,2.2,2026-07-16 09:14:56.528610,-45.03876463848813,167.57115766167544,69.15725759012517,0.0,-8728.196909627743,True,1.0,1000,82.77299274084608,-5.333339441758327,-11.89366781739561,1.0715604987260261e+18,5.986677797130825,289.37728312898196,79.17230239890019,115.6072188521176,40.78044013333883,27.659334678099626,23.870834882950554
765,2282,2282,21,2.2,2026-07-16 09:14:56.528610,-45.03876463848813,167.57115766167544,69.15725759012517,0.0,-8728.196909627743,True,1.0,1000,82.670386662856,-5.348062807849804,-11.981550529294198,1.0727584790144973e+18,5.987001303902745,289.38916715228737,79.19398448391425,115.63379312884396,40.73068240494183,27.675740253384014,23.806865923571312
766,2282,2282,21,2.2,2026-07-16 09:14:56.528610,-45.03876463848813,167.57115766167544,69.15725759012517,0.0,-8728.196909627743,True,1.0,1000,82.5096962884665,-5.3048698930495375,-12.185433818483967,1.0748445577069293e+18,5.9875637745483195,289.37529476252183,79.17478428519017,115.56176017507343,40.81371948698257,27.616862955442183,23.901006611482224
767,2282,2282,21,2.2,2026-07-16 09:14:56.528610,-45.03876463848813,167.57115766167544,69.15725759012517,0.0,-8728.196909627743,True,1.0,1000,82.59126562106474,-5.35196946906796,-12.056764909867292,1.074344558027468e+18,5.9874290588678365,289.38107079153974,79.16965462549263,115.60707206673378,40.78905917472324,27.660166802354894,23.876258494505915
768,2282,2282,21,2.2,2026-07-16 09:14:56.528610,-45.03876463848813,167.57115766167544,69.15725759012517,0.0,-8728.196909627743,True,1.0,1000,82.59549597197226,-5.328027730341363,-12.076476297686382,1.0742485374786929e+18,5.987403180727951,289.3879426704264,79.17529426986486,115.65275150301457,40.74615463503542,27.699888352209513,23.829739239584192
769,2282,2282,21,2.2,2026-07-16 09:14:56.528610,-45.03876463848813,167.57115766167544,69.15725759012517,0.0,-8728.196909627743,True,1.0,1000,82.50342807435433,-5.436087067702215,-12.06048485794345,1.0744317325059625e+18,5.987452550933319,289.3986852048009,79.19532372175246,115.62162354804747,40.74840121251887,27.664118979833372,23.81354956994283
770,2282,2282,21,2.2,2026-07-16 09:14:56.528610,-45.03876463848813,167.57115766167544,69.15725759012517,0.0,-8728.196909627743,True,1.0,1000,82.53795197189622,-5.324306765283785,-12.137741262819997,1.0744953983698593e+18,5.9874697066156335,289.3709970730816,79.19388614055009,115.60387165426874,40.73871474857651,27.648403019211795,23.830115962159084
771,2282,2282,21,2.2,2026-07-16 09:14:56.528610,-45.03876463848813,167.57115766167544,69.15725759012517,0.0,-8728.196909627743,True,1.0,1000,82.54767335007436,-5.376138796719176,-12.076187853206454,1.0742214582427087e+18,5.987395882285937,289.3891972955716,79.1748826337073,115.63070448385938,40.76731521404762,27.679872206994506,23.84754361102886
772,2282,2282,21,2.2,2026-07-16 09:14:56.528610,-45.03876463848813,167.57115766167544,69.15725759012517,0.0,-8728.196909627743,True,1.0,1000,82.48733038768665,-5.308616670873543,-12.20405294143979,1.0760528896036787e+18,5.987889078717472,289.3574041287096,79.17268287232898,115.61629370012541,40.751976674555316,27.66749469423148,23.863067244066297
773,2282,2282,21,2.2,2026-07-16 09:14:56.528610,-45.03876463848813,167.57115766167544,69.15725759012517,0.0,-8728.196909627743,True,1.0,1000,82.57511388918681,-5.337538035117247,-12.087348075695948,1.0742795610654566e+18,5.987411542032015,289.3831455830905,79.17821970403399,115.60928754779631,40.77398753662105,27.659067717293567,23.85736959001886
774,2282,2282,21,2.2,2026-07-16 09:14:56.528610,-45.03876463848813,167.57115766167544,69.15725759012517,0.0,-8728.196909627743,True,1.0,1000,82.43712587575632,-5.393111002592658,-12.169763121651021,1.0757565002643263e+18,5.9878093193261455,289.3632682334263,79.15745823463793,115.62793840489087,40.77472063089659,27.683698927482236,23.884599546182578
775,2282,2282,21,2.2,2026-07-16 09:14:56.528610,-45.03876463848813,167.57115766167544,69.15725759012517,0.0,-8728.196909627743,True,1.0,1000,82.72315590357121,-5.28790516127213,-11.988938935156668,1.0729918412075484e+18,5.987064279799596,289.40808714816535,79.18434492670454,115.65188848936403,40.75099167733579,27.695803755417813,23.812267754750806
776,2282,2282,21,2.2,2026-07-16 09:14:56.528610,-45.03876463848813,167.57115766167544,69.15725759012517,0.0,-8728.196909627743,True,1.0,1000,82.47308332869927,-5.310493572520405,-12.216423098780313,1.075951431912988e+18,5.987861778576975,289.36102883746696,79.15829760889386,115.62659509626265,40.772162450148656,27.682164230746213,23.88395421017793
777,2282,2282,21,2.2,2026-07-16 09:14:56.528610,-45.03876463848813,167.57115766167544,69.15725759012517,0.0,-8728.196909627743,True,1.0,1000,82.56707813873138,-5.395079912980633,-12.037841948288,1.073860834783255e+18,5.98729866889055,289.3853921305683,79.17647825605917,115.61854025458362,40.77126739041463,27.668165031451935,23.85372348210396
778,2282,2282,21,2.2,2026-07-16 09:14:56.528610,-45.03876463848813,167.57115766167544,69.15725759012517,0.0,-8728.196909627743,True,1.0,1000,82.49294475654678,-5.335357139187453,-12.171698104265765,1.0754550102546452e+18,5.987728164778102,289.40231231931523,79.1680995491076,115.65837236904424,40.768398892790024,27.70765060071637,23.839826154197503
779,2282,2282,21,2.2,2026-07-16 09:14:56.528610,-45.03876463848813,167.57115766167544,69.15725759012517,0.0,-8728.196909627743,True,1.0,1000,82.63432990890838,-5.298657915130674,-12.067012175960935,1.07376927202659e+18,5.987273981088639,289.39452379922204,79.1743357996329,115.65404243998319,40.75331392835819,27.70141830978607,23.830666086415675
780,2282,2282,21,2.2,2026-07-16 09:14:56.528610,-45.03876463848813,167.57115766167544,69.15725759012517,0.0,-8728.196909627743,True,1.0,1000,82.64901982349758,-5.338211774902555,-12.01276840159987,1.0737152004739574e+18,5.9872594009432065,289.39088685350634,79.18817895578944,115.61841681575386,40.75608610563212,27.663787464346132,23.830352264003476
781,2282,2282,21,2.2,2026-07-16 09:14:56.528610,-45.03876463848813,167.57115766167544,69.15725759012517,0.0,-8728.196909627743,True,1.0,1000,82.5993956859509,-5.37931171161627,-12.021292602432833,1.0738779225286979e+18,5.987303275976974,289.37504096962476,79.16415774157531,115.63892813451848,40.76503388463807,27.691303804809,23.86269899500806
782,2282,2282,21,2.2,2026-07-16 09:14:56.528610,-45.03876463848813,167.57115766167544,69.15725759012517,0.0,-8728.196909627743,True,1.0,1000,82.55961170939516,-5.416904763958916,-12.02348352664593,1.0737391516257635e+18,5.987265859351695,289.3570237556719,79.17482702982716,115.59492516001751,40.76641496380943,27.647171343388656,23.875266070165523
783,2282,2282,21,2.2,2026-07-16 09:14:56.528610,-45.03876463848813,167.57115766167544,69.15725759012517,0.0,-8728.196909627743,True,1.0,1000,82.48469441511003,-5.435880386634157,-12.079425198255814,1.07441305097344e+18,5.987447516732893,289.3807126659491,79.17155004664765,115.6000115236209,40.79149080654918,27.65301864515559,23.877910419554407
784,2282,2282,21,2.2,2026-07-16 09:14:56.528610,-45.03876463848813,167.57115766167544,69.15725759012517,0.0,-8728.196909627743,True,1.0,1000,82.60612366305402,-5.282761586958223,-12.111114749987747,1.0747932809573051e+18,5.987549961859181,289.38510236329006,79.17947034307792,115.65382705315547,40.73497137196734,27.69935161384562,23.820544490149736
785,2282,2282,21,2.2,2026-07-16 09:14:56.528610,-45.03876463848813,167.57115766167544,69.15725759012517,0.0,-8728.196909627743,True,1.0,1000,82.49038970773125,-5.357052578621461,-12.152557713647294,1.0752581060805601e+18,5.98767515017821,289.3901571113697,79.18481850131126,115.64667549131472,40.73675030563944,27.690862208101684,23.815328882704197
786,2282,2282,21,2.2,2026-07-16 09:14:56.528610,-45.03876463848813,167.57115766167544,69.15725759012517,0.0,-8728.196909627743,True,1.0,1000,82.7067268018052,-5.320884567159702,-11.97238863103511,1.0726100965154348e+18,5.9869612537833765,289.3830530003606,79.18038805907841,115.6520287184422,40.732856396690856,27.697372362501607,23.820089100155183
787,2282,2282,21,2.2,2026-07-16 09:14:56.528610,-45.03876463848813,167.57115766167544,69.15725759012517,0.0,-8728.196909627743,True,1.0,1000,82.58877499864161,-5.320885424497078,-12.090339576861311,1.0741270744747284e+18,5.98737044237305,289.3713385467388,79.17466283930557,115.63241163436328,40.74836087613997,27.681513731687964,23.846668491080194
788,2282,2282,21,2.2,2026-07-16 09:14:56.528610,-45.03876463848813,167.57115766167544,69.15725759012517,0.0,-8728.196909627743,True,1.0,1000,82.45803339339518,-5.4104324626591165,-12.131534143945698,1.0750794467825434e+18,5.98762703943867,289.3756089361154,79.17978553238041,115.61812050953637,40.75597579042501,27.666575290142113,23.847414936415742
789,2282,2282,21,2.2,2026-07-16 09:14:56.528610,-45.03876463848813,167.57115766167544,69.15725759012517,0.0,-8728.196909627743,True,1.0,1000,82.49129076096276,-5.424010002403148,-12.084699236634098,1.0749955070282621e+18,5.9876044327402065,289.35022574266685,79.16581405041393,115.6078991380738,40.76431448953526,27.6623250993168,23.883321544677614
790,2282,2282,21,2.2,2026-07-16 09:14:56.528610,-45.03876463848813,167.57115766167544,69.15725759012517,0.0,-8728.196909627743,True,1.0,1000,82.50762477469722,-5.376771374774011,-12.11560385052878,1.0748092655504479e+18,5.987554267784238,289.38095120514714,79.16966955513342,115.63499368293122,40.76458869236268,27.68569561677648,23.854686564714008
791,2282,2282,21,2.2,2026-07-16 09:14:56.528610,-45.03876463848813,167.57115766167544,69.15725759012517,0.0,-8728.196909627743,True,1.0,1000,82.54726384861368,-5.348386250927438,-12.10434990045888,1.0739726211080742e+18,5.987328806661197,289.39555931313845,79.1800384018823,115.66259105864403,40.73680818263302,27.707162531245363,23.812666531192875
792,2282,2282,21,2.2,2026-07-16 09:14:56.528610,-45.03876463848813,167.57115766167544,69.15725759012517,0.0,-8728.196909627743,True,1.0,1000,82.7104753483405,-5.2963869359371145,-11.993137715722396,1.0727039460555428e+18,5.98698658548252,289.3942660732307,79.18272127849349,115.63115724453276,40.75807363208746,27.677429898200014,23.831480049625068
793,2282,2282,21,2.2,2026-07-16 09:14:56.528610,-45.03876463848813,167.57115766167544,69.15725759012517,0.0,-8728.196909627743,True,1.0,1000,82.36978798442627,-5.43717604125825,-12.193035974315485,1.0761499231557056e+18,5.987915186006853,289.3669136857711,79.16785901197105,115.62940121787457,40.75863346626409,27.681241312535533,23.862626886710327
794,2282,2282,21,2.2,2026-07-16 09:14:56.528610,-45.03876463848813,167.57115766167544,69.15725759012517,0.0,-8728.196909627743,True,1.0,1000,82.64817043387995,-5.329881643540228,-12.021947922579812,1.0731509294644785e+18,5.987107204034456,289.4004211707262,79.19137891749433,115.62280407644445,40.756118710948904,27.66663530924691,23.820553132771256
795,2282,2282,21,2.2,2026-07-16 09:14:56.528610,-45.03876463848813,167.57115766167544,69.15725759012517,0.0,-8728.196909627743,True,1.0,1000,82.55977176631114,-5.301318241942304,-12.138909991746543,1.0743554162321733e+18,5.987431985076516,289.3927694153527,79.17035125946252,115.62119726864057,40.787210345976035,27.672829608628643,23.863958825529856
796,2282,2282,21,2.2,2026-07-16 09:14:56.528610,-45.03876463848813,167.57115766167544,69.15725759012517,0.0,-8728.196909627743,True,1.0,1000,82.50515015306539,-5.371595356085232,-12.123254490849387,1.0749639722938825e+18,5.987595939332921,289.3750805910487,79.16199500497015,115.6040074098494,40.79934705427368,27.660161430324166,23.89398654099625
797,2282,2282,21,2.2,2026-07-16 09:14:56.528610,-45.03876463848813,167.57115766167544,69.15725759012517,0.0,-8728.196909627743,True,1.0,1000,82.8336739020367,-5.300799884718478,-11.865526213244834,1.0713123335243794e+18,5.9866107365154155,289.39204710282735,79.17975970634583,115.65740017498071,40.73829862241712,27.702515063213134,23.817216332780607
798,2282,2282,21,2.2,2026-07-16 09:14:56.528610,-45.03876463848813,167.57115766167544,69.15725759012517,0.0,-8728.196909627743,True,1.0,1000,82.44757628290121,-5.420695179834814,-12.131728537263962,1.0750836739877466e+18,5.987628177865099,289.3811441037281,79.18020801925825,115.6369352512539,40.74438782594085,27.683630787567573,23.832068033349287
799,2282,2282,21,2.2,2026-07-16 09:14:56.528610,-45.03876463848813,167.57115766167544,69.15725759012517,0.0,-8728.196909627743,True,1.0,1000,82.4249950036616,-5.402757377829208,-12.17224761850918,1.0756503990041354e+18,5.987780761770387,289.3637328765194,79.15655343677372,115.60936823895322,40.792985053441114,27.66705055711768,23.90075412821905
800,2282,2282,21,2.2,2026-07-16 09:14:56.528610,-45.03876463848813,167.57115766167544,69.15725759012517,0.0,-8728.196909627743,True,1.0,1000,82.79658549083997,-5.226448399962251,-11.976966109197779,1.0723642358828494e+18,5.986894881013064,289.38753270213135,79.18372867675834,115.61668105672159,40.76214863916891,27.663821376036772,23.84061663171404
801,2282,2282,21,2.2,2026-07-16 09:14:56.528610,-45.03876463848813,167.57115766167544,69.15725759012517,0.0,-8728.196909627743,True,1.0,1000,82.4868853082802,-5.314459421823128,-12.19865526989667,1.076161606352441e+18,5.987918329261787,289.36861574780505,79.18076132582597,115.65781089702048,40.71273376167845,27.702526235517233,23.814893690590324
802,2282,2282,21,2.2,2026-07-16 09:14:56.528610,-45.03876463848813,167.57115766167544,69.15725759012517,0.0,-8728.196909627743,True,1.0,1000,82.55732942757079,-5.325280163365333,-12.117390409063885,1.0736852958074779e+18,5.987251336972119,289.39658879767825,79.17903533278438,115.64347691995303,40.756225431825605,27.69004188528338,23.829381398535126
803,2282,2282,21,2.2,2026-07-16 09:14:56.528610,-45.03876463848813,167.57115766167544,69.15725759012517,0.0,-8728.196909627743,True,1.0,1000,82.63766858962373,-5.346724018371527,-12.015607392004739,1.0732988281902715e+18,5.987147103470172,289.40277369859456,79.17829111028253,115.65096724127699,40.75721988370827,27.697164819032114,23.825107659689607
804,2282,2282,21,2.2,2026-07-16 09:14:56.528610,-45.03876463848813,167.57115766167544,69.15725759012517,0.0,-8728.196909627743,True,1.0,1000,82.5132904963891,-5.343154507399278,-12.143554996211611,1.0753292532395021e+18,5.987694307002761,289.3763988715104,79.17234652160535,115.6308464707361,40.75889508982505,27.68092662597147,23.85251787205109
805,2282,2282,21,2.2,2026-07-16 09:14:56.528610,-45.03876463848813,167.57115766167544,69.15725759012517,0.0,-8728.196909627743,True,1.0,1000,82.38891138455011,-5.4440051044954805,-12.1670835109544,1.0754431159874252e+18,5.98772496263381,289.37088816046014,79.17503318509225,115.58599398981495,40.78770521334778,27.63892936398526,23.881755247741822
806,2282,2282,21,2.2,2026-07-16 09:14:56.528610,-45.03876463848813,167.57115766167544,69.15725759012517,0.0,-8728.196909627743,True,1.0,1000,82.5243872115949,-5.385225091312686,-12.090387697092432,1.0742053087673649e+18,5.987391529564129,289.37252872114345,79.18105807798956,115.62721754821911,40.742717097925784,27.674432168719676,23.837850239873994
807,2282,2282,21,2.2,2026-07-16 09:14:56.528610,-45.03876463848813,167.57115766167544,69.15725759012517,0.0,-8728.196909627743,True,1.0,1000,82.47361222407827,-5.40256519515153,-12.123822580770202,1.0756578743432714e+18,5.987782773878448,289.37925289517733,79.17357871701229,115.61257183778095,40.775477294378945,27.663764203786258,23.864142959635057
808,2282,2282,21,2.2,2026-07-16 09:14:56.528610,-45.03876463848813,167.57115766167544,69.15725759012517,0.0,-8728.196909627743,True,1.0,1000,82.6443323601007,-5.27960042675952,-12.076067213139785,1.0738327128654705e+18,5.987291086682974,289.39966826898547,79.18192521797104,115.66475129296572,40.735695139688964,27.708452333577082,23.807226180792668
809,2282,2282,21,2.2,2026-07-16 09:14:56.528610,-45.03876463848813,167.57115766167544,69.15725759012517,0.0,-8728.196909627743,True,1.0,1000,82.64781531012434,-5.341049023790351,-12.011135666085304,1.0730592404852726e+18,5.987082465843511,289.36579852224526,79.18146502847584,115.62821780237063,40.734393933654935,27.675198815315436,23.83626349811729
810,2282,2282,21,2.2,2026-07-16 09:14:56.528610,-45.03876463848813,167.57115766167544,69.15725759012517,0.0,-8728.196909627743,True,1.0,1000,82.65378306929394,-5.347722330326024,-11.99849460038004,1.0732544731901169e+18,5.9871351381601405,289.4104660811035,79.19126805540763,115.59784754321721,40.78808455661682,27.6438468050025,23.840017663764133
811,2282,2282,21,2.2,2026-07-16 09:14:56.528610,-45.03876463848813,167.57115766167544,69.15725759012517,0.0,-8728.196909627743,True,1.0,1000,82.64826650000057,-5.330116671416956,-12.021616828582472,1.0733526508585725e+18,5.987161622136774,289.37372821147954,79.16064820372077,115.64192693859371,40.76733640940257,27.6953262949651,23.867418793637214
812,2282,2282,21,2.2,2026-07-16 09:14:56.528610,-45.03876463848813,167.57115766167544,69.15725759012517,0.0,-8728.196909627743,True,1.0,1000,82.69263959467177,-5.257074393399298,-12.05028601192893,1.0732223857633884e+18,5.987126481871543,289.40443374612335,79.17357336639527,115.65305775735855,40.76543216255126,27.700795282869716,23.83295134910702
813,2282,2282,21,2.2,2026-07-16 09:14:56.528610,-45.03876463848813,167.57115766167544,69.15725759012517,0.0,-8728.196909627743,True,1.0,1000,82.66340454320336,-5.3101947382120365,-12.026400718584602,1.0733189356682629e+18,5.987152527548232,289.3834663388799,79.17617760724713,115.63797338872416,40.752960864091364,27.686048781111303,23.839347082372623
814,2282,2282,21,2.2,2026-07-16 09:14:56.528610,-45.03876463848813,167.57115766167544,69.15725759012517,0.0,-8728.196909627743,True,1.0,1000,82.57223537224019,-5.389735337482304,-12.038029290277503,1.0737421630920356e+18,5.987266671380916,289.3816685149321,79.17469338747274,115.62807750733818,40.762408978634454,27.677538520500004,23.84994790691483
815,2282,2282,21,2.2,2026-07-16 09:14:56.528610,-45.03876463848813,167.57115766167544,69.15725759012517,0.0,-8728.196909627743,True,1.0,1000,82.43672535616426,-5.409944173578951,-12.15333047025679,1.0752998439963249e+18,5.987686388530876,289.3962008689249,79.19150378607047,115.61543485631155,40.75808775686923,27.65984850019799,23.82598099495029
816,2282,2282,21,2.2,2026-07-16 09:14:56.528610,-45.03876463848813,167.57115766167544,69.15725759012517,0.0,-8728.196909627743,True,1.0,1000,82.68144172460877,-5.230131581985906,-12.088426693405307,1.0742662934183081e+18,5.987407966239309,289.3603798595125,79.18685736448809,115.62851027043162,40.71914528810936,27.67350199310728,23.825225690622755
817,2282,2282,21,2.2,2026-07-16 09:14:56.528610,-45.03876463848813,167.57115766167544,69.15725759012517,0.0,-8728.196909627743,True,1.0,1000,82.39861616453543,-5.4481697695942355,-12.15321406587034,1.0756769450473249e+18,5.987787907002597,289.372516961457,79.16079082908051,115.61557892973664,40.788828520263976,27.671181269828818,23.887461597899023
818,2282,2282,21,2.2,2026-07-16 09:14:56.528610,-45.03876463848813,167.57115766167544,69.15725759012517,0.0,-8728.196909627743,True,1.0,1000,82.56678377305579,-5.346094900677277,-12.08712132626693,1.0737460302130154e+18,5.9872677141304935,289.4085637572086,79.1867023638065,115.6523625051843,40.74687340128539,27.695379529942592,23.807178759733734
819,2282,2282,21,2.2,2026-07-16 09:14:56.528610,-45.03876463848813,167.57115766167544,69.15725759012517,0.0,-8728.196909627743,True,1.0,1000,82.58420445724109,-5.243792044820123,-12.172003497938803,1.0752823666432654e+18,5.987681682631266,289.36692816112355,79.17376214912353,115.59786674817946,40.77564616002109,27.650249924560388,23.875129794471384
820,2282,2282,21,2.2,2026-07-16 09:14:56.528610,-45.03876463848813,167.57115766167544,69.15725759012517,0.0,-8728.196909627743,True,1.0,1000,82.71324196212477,-5.26482851287604,-12.021929524999189,1.0731593131052521e+18,5.987109465881388,289.37576362922147,79.1779246132317,115.62755978412657,40.75121795135577,27.67588714671743,23.84386901126895
821,2282,2282,21,2.2,2026-07-16 09:14:56.528610,-45.03876463848813,167.57115766167544,69.15725759012517,0.0,-8728.196909627743,True,1.0,1000,82.51191531349069,-5.335655431057381,-12.152429255451928,1.0753820577888381e+18,5.987708524143719,289.36449768215056,79.16540546323736,115.6104148736102,40.777118267459784,27.66477459970358,23.882197813472043
822,2282,2282,21,2.2,2026-07-16 09:14:56.528610,-45.03876463848813,167.57115766167544,69.15725759012517,0.0,-8728.196909627743,True,1.0,1000,82.57657042315289,-5.3609847707092575,-12.06244480613787,1.073198715798036e+18,5.987120096212281,289.4155200664334,79.1958506142545,115.62139044362694,40.764502641751854,27.663713903125696,23.81267213790188
823,2282,2282,21,2.2,2026-07-16 09:14:56.528610,-45.03876463848813,167.57115766167544,69.15725759012517,0.0,-8728.196909627743,True,1.0,1000,82.55904090273,-5.385895694469781,-12.055063402800227,1.0741085902212951e+18,5.987365459922009,289.38701569389053,79.18231856246554,115.65264190286211,40.73286117157243,27.697230565304572,23.815748964649128
824,2282,2282,21,2.2,2026-07-16 09:14:56.528610,-45.03876463848813,167.57115766167544,69.15725759012517,0.0,-8728.196909627743,True,1.0,1000,82.67501015020859,-5.323480616619264,-12.001509233172145,1.0734438444844536e+18,5.987186219958763,289.38190113009614,79.18430489271852,115.60778165441705,40.7632428623933,27.655471467326013,23.846324722826964
825,2282,2282,21,2.2,2026-07-16 09:14:56.528610,-45.03876463848813,167.57115766167544,69.15725759012517,0.0,-8728.196909627743,True,1.0,1000,82.52447471039936,-5.364913500938921,-12.11061178866172,1.0750795137993861e+18,5.987627057486976,289.376782608648,79.17380773864484,115.60316814636293,40.78079670086237,27.65508111977235,23.87094348152008
826,2282,2282,21,2.2,2026-07-16 09:14:56.528610,-45.03876463848813,167.57115766167544,69.15725759012517,0.0,-8728.196909627743,True,1.0,1000,82.56461443997028,-5.34610518295782,-12.089280377071892,1.0744539985081732e+18,5.98745855094331,289.3902300965492,79.19259842900017,115.63104522321575,40.736595393414284,27.67373068720846,23.81176071725614
827,2282,2282,21,2.2,2026-07-16 09:14:56.528610,-45.03876463848813,167.57115766167544,69.15725759012517,0.0,-8728.196909627743,True,1.0,1000,82.73274881197803,-5.231472198954703,-12.035778989067275,1.0731778733010358e+18,5.987114473227959,289.4019113017891,79.1867306107483,115.63337654226692,40.756669899521704,27.67799979090455,23.821732110364163
828,2282,2282,21,2.2,2026-07-16 09:14:56.528610,-45.03876463848813,167.57115766167544,69.15725759012517,0.0,-8728.196909627743,True,1.0,1000,82.44252422171148,-5.374348092247065,-12.183127686041445,1.0753147110574746e+18,5.987690391530923,289.3602265536844,79.16764030515711,115.61457496805589,40.765251652200064,27.667762856730462,23.87450465759371
829,2282,2282,21,2.2,2026-07-16 09:14:56.528610,-45.03876463848813,167.57115766167544,69.15725759012517,0.0,-8728.196909627743,True,1.0,1000,82.78326042129196,-5.310553130349918,-11.906186448358119,1.0716836548127788e+18,5.986711071304689,289.4115925540255,79.19513643191064,115.64184655370616,40.74406524833802,27.68268952472145,23.798359749776196
830,2282,2282,21,2.2,2026-07-16 09:14:56.528610,-45.03876463848813,167.57115766167544,69.15725759012517,0.0,-8728.196909627743,True,1.0,1000,82.73929316516272,-5.32578375840575,-11.934923076431529,1.072032851701961e+18,5.986805396142231,289.40813326117217,79.18317706513642,115.61681640815759,40.783611253768676,27.664146224496736,23.841618630881705
831,2282,2282,21,2.2,2026-07-16 09:14:56.528610,-45.03876463848813,167.57115766167544,69.15725759012517,0.0,-8728.196909627743,True,1.0,1000,82.54892484772037,-5.3581751493821415,-12.092900002897485,1.0745370162231027e+18,5.987480920595094,289.36379594927024,79.16853632082754,115.62248526839997,40.76033715374515,27.674669579478987,23.86660367471371
832,2282,2282,21,2.2,2026-07-16 09:14:56.528610,-45.03876463848813,167.57115766167544,69.15725759012517,0.0,-8728.196909627743,True,1.0,1000,82.57963487224971,-5.517903299437202,-11.902461828313083,1.0723964308773996e+18,5.9869035732702445,289.40887870597714,79.19031645813041,115.58340011381095,40.80078102243414,27.630979710910527,23.853082762090686
833,2282,2282,21,2.2,2026-07-16 09:14:56.528610,-45.03876463848813,167.57115766167544,69.15725759012517,0.0,-8728.196909627743,True,1.0,1000,82.64180922617199,-5.281887238049335,-12.076303535778683,1.0731717259584046e+18,5.987112814748845,289.4037014478932,79.1774485788551,115.64589153262192,40.7640545259658,27.69282858528257,23.830702512754502
834,2282,2282,21,2.2,2026-07-16 09:14:56.528610,-45.03876463848813,167.57115766167544,69.15725759012517,0.0,-8728.196909627743,True,1.0,1000,82.64893850166067,-5.384053193109876,-11.967008305229463,1.0733209183878605e+18,5.987153062389807,289.3788182186868,79.17688359236406,115.60176813979055,40.77858753205142,27.6526784434177,23.86585444226388
835,2282,2282,21,2.2,2026-07-16 09:14:56.528610,-45.03876463848813,167.57115766167544,69.15725759012517,0.0,-8728.196909627743,True,1.0,1000,82.67404305212146,-5.227284891520955,-12.098672056357595,1.074613120342324e+18,5.98750142581619,289.36497505093047,79.18309119971049,115.64228260871207,40.71845171189713,27.687472327597778,23.82217161655931
836,2282,2282,21,2.2,2026-07-16 09:14:56.528610,-45.03876463848813,167.57115766167544,69.15725759012517,0.0,-8728.196909627743,True,1.0,1000,82.49791732191406,-5.381923466474246,-12.120159211611686,1.0745928523385697e+18,5.987495965019783,289.39891138065565,79.17661817975704,115.60287364901724,40.79818858984588,27.653786268437223,23.865533240492805
837,2282,2282,21,2.2,2026-07-16 09:14:56.528610,-45.03876463848813,167.57115766167544,69.15725759012517,0.0,-8728.196909627743,True,1.0,1000,82.60500729367543,-5.32957147924404,-12.065421227080531,1.0731583806230482e+18,5.987109214305163,289.4070653574703,79.20936383851051,115.6217075376607,40.73175832498243,27.659087244461737,23.785315217639653
838,2282,2282,21,2.2,2026-07-16 09:14:56.528610,-45.03876463848813,167.57115766167544,69.15725759012517,0.0,-8728.196909627743,True,1.0,1000,82.55548190579019,-5.31440876466497,-12.130109329544839,1.0745201270238848e+18,5.987476369832884,289.3745003419349,79.1669659454597,115.62506602806978,40.77158114712072,27.67760255984518,23.867760662609825
839,2282,2282,21,2.2,2026-07-16 09:14:56.528610,-45.03876463848813,167.57115766167544,69.15725759012517,0.0,-8728.196909627743,True,1.0,1000,82.42729035668167,-5.412150814800611,-12.160558828517724,1.0754655669383517e+18,5.9877310067919085,289.41204184904433,79.18118570444346,115.61634794617689,40.7914650962431,27.664443616849262,23.845973834617304
840,2282,2282,21,2.2,2026-07-16 09:14:56.528610,-45.03876463848813,167.57115766167544,69.15725759012517,0.0,-8728.196909627743,True,1.0,1000,82.6766470547632,-5.339806032917951,-11.983546912318848,1.0730092329373527e+18,5.987068972641166,289.3796779353108,79.17210892084637,115.62673470989454,40.76617565671991,27.67725274118062,23.85616422754984
841,2282,2282,21,2.2,2026-07-16 09:14:56.528610,-45.03876463848813,167.57115766167544,69.15725759012517,0.0,-8728.196909627743,True,1.0,1000,82.60640398462382,-5.451207922818326,-11.94238809255786,1.0725713692285836e+18,5.986950799937708,289.40850106057576,79.19122677700726,115.6159588046436,40.770424225272315,27.660428698256453,23.826132885983387
842,2282,2282,21,2.2,2026-07-16 09:14:56.528610,-45.03876463848813,167.57115766167544,69.15725759012517,0.0,-8728.196909627743,True,1.0,1000,82.65775514949004,-5.2564148085259585,-12.08583004198401,1.0737164588741376e+18,5.9872597402733705,289.3796592484432,79.18683974205172,115.60804083090856,40.756270739150516,27.65478448192344,23.84103928841701
843,2282,2282,21,2.2,2026-07-16 09:14:56.528610,-45.03876463848813,167.57115766167544,69.15725759012517,0.0,-8728.196909627743,True,1.0,1000,82.66996843888155,-5.275746963999515,-12.054284597118928,1.0733106198996301e+18,5.987150284346453,289.40026613990483,79.19055398966934,115.6414286307486,40.74123765851307,27.683974465047662,23.807868714273575
844,2282,2282,21,2.2,2026-07-16 09:14:56.528610,-45.03876463848813,167.57115766167544,69.15725759012517,0.0,-8728.196909627743,True,1.0,1000,82.66435163815419,-5.3781784450335035,-11.957469916812304,1.0723244750134922e+18,5.986884145701487,289.38952673321944,79.18475583366939,115.59017859188872,40.785407441497206,27.63920745705806,23.85900880784715
845,2282,2282,21,2.2,2026-07-16 09:14:56.528610,-45.03876463848813,167.57115766167544,69.15725759012517,0.0,-8728.196909627743,True,1.0,1000,82.49672887395042,-5.4124060188705245,-12.090865107179061,1.0748949487375973e+18,5.987577348004696,289.3989745978031,79.18152507106329,115.62237771823689,40.77254571919128,27.66983507685953,23.840644101499873
846,2282,2282,21,2.2,2026-07-16 09:14:56.528610,-45.03876463848813,167.57115766167544,69.15725759012517,0.0,-8728.196909627743,True,1.0,1000,82.4808739612924,-5.386107179316009,-12.133018859391578,1.0742942012725253e+18,5.987415487695107,289.3987968611601,79.1893682551191,115.65104785379107,40.73351735560866,27.693206752317344,23.802846720593433
847,2282,2282,21,2.2,2026-07-16 09:14:56.528610,-45.03876463848813,167.57115766167544,69.15725759012517,0.0,-8728.196909627743,True,1.0,1000,82.49349087633988,-5.392525789378612,-12.113983334281505,1.0748690800609457e+18,5.9875703800315465,289.3700942329838,79.17095972588183,115.61427223956308,40.76948835711977,27.666274725845227,23.86808249493321
848,2282,2282,21,2.2,2026-07-16 09:14:56.528610,-45.03876463848813,167.57115766167544,69.15725759012517,0.0,-8728.196909627743,True,1.0,1000,82.68991108749694,-5.268773108277457,-12.041315804225606,1.0739643215941046e+18,5.987326569206863,289.35397346240364,79.15352372436153,115.65787334256876,40.746335441733265,27.712507662761933,23.869399419843354
849,2282,2282,21,2.2,2026-07-16 09:14:56.528610,-45.03876463848813,167.57115766167544,69.15725759012517,0.0,-8728.196909627743,True,1.0,1000,82.62323401117217,-5.315184728577559,-12.061581260250282,1.0738738415318308e+18,5.987302175691892,289.35260018977874,79.15866681223606,115.60455686302583,40.78229809439257,27.661879620697814,23.900235510083803
850,2282,2282,21,2.2,2026-07-16 09:14:56.528610,-45.03876463848813,167.57115766167544,69.15725759012517,0.0,-8728.196909627743,True,1.0,1000,82.60204058760793,-5.3159429172765735,-12.082016495115512,1.0747252297207076e+18,5.987531629520162,289.3980883797215,79.17974085039363,115.65883581389078,40.743126327947614,27.703835309607232,23.816150040327408
851,2282,2282,21,2.2,2026-07-16 09:14:56.528610,-45.03876463848813,167.57115766167544,69.15725759012517,0.0,-8728.196909627743,True,1.0,1000,82.61199612873654,-5.353643601447337,-12.03436026981612,1.0738567043336631e+18,5.987297555254682,289.38541157473253,79.18734378536989,115.65196781448189,40.722925793284304,27.69478502991192,23.806196787653153
852,2282,2282,21,2.2,2026-07-16 09:14:56.528610,-45.03876463848813,167.57115766167544,69.15725759012517,0.0,-8728.196909627743,True,1.0,1000,82.57020144673179,-5.334175467785546,-12.095623085482677,1.0739893919050752e+18,5.987333327824081,289.3952837066244,79.17680265100434,115.65572893255684,40.74823251237898,27.702062727593283,23.824426276473247
853,2282,2282,21,2.2,2026-07-16 09:14:56.528610,-45.03876463848813,167.57115766167544,69.15725759012517,0.0,-8728.196909627743,True,1.0,1000,82.64028055279336,-5.417748256979276,-11.941971190227358,1.0730687779573396e+18,5.987085039204437,289.3732264713384,79.17674395763301,115.60653917955187,40.76908523759395,27.657092538404395,23.862450981837835
854,2282,2282,21,2.2,2026-07-16 09:14:56.528610,-45.03876463848813,167.57115766167544,69.15725759012517,0.0,-8728.196909627743,True,1.0,1000,82.54960855458276,-5.360450248078905,-12.08994119733833,1.073473257968671e+18,5.987194153265471,289.42047899516353,79.19251818831087,115.64297011099191,40.75662423317933,27.684670070711856,23.802744935824652
855,2282,2282,21,2.2,2026-07-16 09:14:56.528610,-45.03876463848813,167.57115766167544,69.15725759012517,0.0,-8728.196909627743,True,1.0,1000,82.47630661143378,-5.394615434763789,-12.129077953802424,1.0746229504846134e+18,5.987504074308593,289.3962019408559,79.17822510324224,115.62041534089195,40.777342050209064,27.66924306648642,23.848774485110415
856,2282,2282,21,2.2,2026-07-16 09:14:56.528610,-45.03876463848813,167.57115766167544,69.15725759012517,0.0,-8728.196909627743,True,1.0,1000,82.61943586273266,-5.332590249822343,-12.047973887445007,1.0729717440624433e+18,5.987058856856243,289.4142822711929,79.20577536804838,115.62150835923528,40.745526142577255,27.660210136978943,23.792669236615215
857,2282,2282,21,2.2,2026-07-16 09:14:56.528610,-45.03876463848813,167.57115766167544,69.15725759012517,0.0,-8728.196909627743,True,1.0,1000,82.49401435668585,-5.382690100022399,-12.123295543291748,1.0747206077016704e+18,5.987530384351243,289.39296068268544,79.1853398345007,115.60058602155692,40.77873176067221,27.648512841951746,23.849800909329154
858,2282,2282,21,2.2,2026-07-16 09:14:56.528610,-45.03876463848813,167.57115766167544,69.15725759012517,0.0,-8728.196909627743,True,1.0,1000,82.67270983837423,-5.338358477343522,-11.988931684282248,1.0730151192746834e+18,5.987070560944869,289.38915234988104,79.18403986383234,115.59111723679257,40.7854876197886,27.640327081852195,23.85972075069205
859,2282,2282,21,2.2,2026-07-16 09:14:56.528610,-45.03876463848813,167.57115766167544,69.15725759012517,0.0,-8728.196909627743,True,1.0,1000,82.58330413136116,-5.358701835796169,-12.057994032842672,1.0742659290838689e+18,5.987407868046112,289.3863422030435,79.16936290279554,115.60635072546806,40.79547774123175,27.659613678545696,23.877400631319183
860,2282,2282,21,2.2,2026-07-16 09:14:56.528610,-45.03876463848813,167.57115766167544,69.15725759012517,0.0,-8728.196909627743,True,1.0,1000,82.62365663329899,-5.278966880960729,-12.097376485740286,1.0746144637945642e+18,5.987501787778101,289.36670339824457,79.16764670784502,115.61496375356339,40.771378255192495,27.668116039206108,23.87419169689155
861,2282,2282,21,2.2,2026-07-16 09:14:56.528610,-45.03876463848813,167.57115766167544,69.15725759012517,0.0,-8728.196909627743,True,1.0,1000,82.55988177378444,-5.329465130489193,-12.110653095726354,1.0743626194032425e+18,5.987433926263397,289.38996955154306,79.18348311492328,115.63969744574047,40.74499788683652,27.68496471322326,23.823376038778964
862,2282,2282,21,2.2,2026-07-16 09:14:56.528610,-45.03876463848813,167.57115766167544,69.15725759012517,0.0,-8728.196909627743,True,1.0,1000,82.68984360574993,-5.2596550279305125,-12.050501366319567,1.073944576320084e+18,5.987321246036616,289.3857708893467,79.15726030695782,115.63986711084128,40.78718212990085,27.6946787037441,23.875793916577496
863,2282,2282,21,2.2,2026-07-16 09:14:56.528610,-45.03876463848813,167.57115766167544,69.15725759012517,0.0,-8728.196909627743,True,1.0,1000,82.39767256358581,-5.515940485693968,-12.086386950720227,1.0747840922876936e+18,5.987547486589045,289.3816583824604,79.18301958650856,115.62377502595348,40.75135915469994,27.670568551744424,23.83657008221517
864,2282,2282,21,2.2,2026-07-16 09:14:56.528610,-45.03876463848813,167.57115766167544,69.15725759012517,0.0,-8728.196909627743,True,1.0,1000,82.61656948066876,-5.313842524768769,-12.069587994562474,1.073857587036022e+18,5.987297793245841,289.3513632431184,79.17042215090078,115.60128064024379,40.76303847701125,27.654590881177377,23.879192395343065
865,2282,2282,21,2.2,2026-07-16 09:14:56.528610,-45.03876463848813,167.57115766167544,69.15725759012517,0.0,-8728.196909627743,True,1.0,1000,82.51635462602603,-5.301853931529727,-12.181791442444238,1.0750293614247973e+18,5.987613550636358,289.39690447998925,79.165910415517,115.66723593060598,40.75916880493828,27.7165554794619,23.837390391990848
866,2282,2282,21,2.2,2026-07-16 09:14:56.528610,-45.03876463848813,167.57115766167544,69.15725759012517,0.0,-8728.196909627743,True,1.0,1000,82.6026937582893,-5.355331425161652,-12.041974816549045,1.0734426973682345e+18,5.987185910558003,289.4024134984413,79.18536329626778,115.6434128425819,40.75087499299905,27.687679066353052,23.816747442153176
867,2282,2282,21,2.2,2026-07-16 09:14:56.528610,-45.03876463848813,167.57115766167544,69.15725759012517,0.0,-8728.196909627743,True,1.0,1000,82.67125696356891,-5.250145167231173,-12.078597869199912,1.0734252998553853e+18,5.9871812180516235,289.376173904276,79.17791810604257,115.62500645917989,40.75386221143957,27.673554136668404,23.845850239709815
868,2282,2282,21,2.2,2026-07-16 09:14:56.528610,-45.03876463848813,167.57115766167544,69.15725759012517,0.0,-8728.196909627743,True,1.0,1000,82.5477913178198,-5.351658180915718,-12.100550501264477,1.0748607833827544e+18,5.98756814520715,289.3965799850212,79.18468131888602,115.64802482757108,40.74224420686241,27.692146588828468,23.814565689208315
869,2282,2282,21,2.2,2026-07-16 09:14:56.528610,-45.03876463848813,167.57115766167544,69.15725759012517,0.0,-8728.196909627743,True,1.0,1000,82.5020454870391,-5.347619077711358,-12.150335435249536,1.0753576972187722e+18,5.987701965370236,289.38687542312584,79.19634335390906,115.6038397613329,40.75025257696019,27.64747864041245,23.825209184286557
870,2282,2282,21,2.2,2026-07-16 09:14:56.528610,-45.03876463848813,167.57115766167544,69.15725759012517,0.0,-8728.196909627743,True,1.0,1000,82.60225327607922,-5.36304156329305,-12.034705160627729,1.0738914935862067e+18,5.987306934864713,289.3854768354459,79.1815808923693,115.65095268179259,40.73409878938862,27.695953726184076,23.81852665381061
871,2282,2282,21,2.2,2026-07-16 09:14:56.528610,-45.03876463848813,167.57115766167544,69.15725759012517,0.0,-8728.196909627743,True,1.0,1000,82.42655799192114,-5.423354082665505,-12.150087925413354,1.0753045755411128e+18,5.9876876625192645,289.3745343016885,79.16686084781976,115.64412092270344,40.75521225794079,27.695067216685953,23.85328133484505
872,2282,2282,21,2.2,2026-07-16 09:14:56.528610,-45.03876463848813,167.57115766167544,69.15725759012517,0.0,-8728.196909627743,True,1.0,1000,82.6284129794292,-5.365770490218562,-12.005816530352245,1.0734560478805908e+18,5.987189511444389,289.35657699757394,79.17409676411792,115.62503978403124,40.74102134041918,27.674977759054215,23.85348605288169
873,2282,2282,21,2.2,2026-07-16 09:14:56.528610,-45.03876463848813,167.57115766167544,69.15725759012517,0.0,-8728.196909627743,True,1.0,1000,82.59735082399372,-5.349602744945105,-12.053046431061174,1.0735831201081752e+18,5.9872237829926265,289.3951917729877,79.18454196140851,115.6197571221849,40.76568539510758,27.66633862867943,23.836613951246523
874,2282,2282,21,2.2,2026-07-16 09:14:56.528610,-45.03876463848813,167.57115766167544,69.15725759012517,0.0,-8728.196909627743,True,1.0,1000,82.70683741230962,-5.315966537445442,-11.977196050244928,1.072950146821655e+18,5.987053029019086,289.3708367089628,79.17818830394481,115.6218243776304,40.7508153732378,27.67054521437982,23.847761778184854
875,2282,2282,21,2.2,2026-07-16 09:14:56.528610,-45.03876463848813,167.57115766167544,69.15725759012517,0.0,-8728.196909627743,True,1.0,1000,82.73180678283151,-5.190733983165839,-12.07745923400266,1.0731377552273379e+18,5.987103649682838,289.38238235645287,79.19224245972744,115.62511839935071,40.734533087806284,27.66843807502668,23.817038427223558
876,2282,2282,21,2.2,2026-07-16 09:14:56.528610,-45.03876463848813,167.57115766167544,69.15725759012517,0.0,-8728.196909627743,True,1.0,1000,82.51845864517185,-5.3450662094038375,-12.136475145424319,1.0748025823384101e+18,5.98755246747031,289.3763052581313,79.17926324687619,115.62918737067464,40.74796642090555,27.676887980956383,23.83993084350426
877,2282,2282,21,2.2,2026-07-16 09:14:56.528610,-45.03876463848813,167.57115766167544,69.15725759012517,0.0,-8728.196909627743,True,1.0,1000,82.56951333470721,-5.37024038620385,-12.060246279088934,1.074069146684339e+18,5.987354827586111,289.41264695777016,79.18498368613717,115.6563319754248,40.750558791277335,27.699636605647832,23.807570618738367
878,2282,2282,21,2.2,2026-07-16 09:14:56.528610,-45.03876463848813,167.57115766167544,69.15725759012517,0.0,-8728.196909627743,True,1.0,1000,82.6692784609763,-5.350272914515977,-11.980448624507728,1.0729436032625075e+18,5.987051263270508,289.39400654168895,79.18689852572723,115.62683814270493,40.754153303778395,27.67195737635979,23.826431216854232
879,2282,2282,21,2.2,2026-07-16 09:14:56.528610,-45.03876463848813,167.57115766167544,69.15725759012517,0.0,-8728.196909627743,True,1.0,1000,82.64688719694249,-5.304018354736549,-12.049094448320966,1.0735903101217953e+18,5.987225722027573,289.3773300476443,79.17247020284744,115.63188956083528,40.758698762258746,27.68183553688205,23.85146591523929
880,2282,2282,21,2.2,2026-07-16 09:14:56.528610,-45.03876463848813,167.57115766167544,69.15725759012517,0.0,-8728.196909627743,True,1.0,1000,82.56116846331395,-5.3106731666841185,-12.128158370001936,1.074724784423265e+18,5.987531509557555,289.37775442963124,79.18405088556214,115.60703741864948,40.76019579233132,27.65488337407345,23.847408510650602
881,2282,2282,21,2.2,2026-07-16 09:14:56.528610,-45.03876463848813,167.57115766167544,69.15725759012517,0.0,-8728.196909627743,True,1.0,1000,82.60391751837255,-5.350047355370213,-12.04603512625723,1.0739012699140705e+18,5.987309570628162,289.3651188490073,79.16544389143014,115.59819022922828,40.78833475686169,27.653583003776944,23.891565744303374
882,2282,2282,21,2.2,2026-07-16 09:14:56.528610,-45.03876463848813,167.57115766167544,69.15725759012517,0.0,-8728.196909627743,True,1.0,1000,82.49581770489368,-5.426887569454395,-12.07729472565193,1.0738240034757119e+18,5.987288738424438,289.4122995300758,79.18120872977214,115.63353685109281,40.77672261575007,27.680157616028616,23.832679459751144
883,2282,2282,21,2.2,2026-07-16 09:14:56.528610,-45.03876463848813,167.57115766167544,69.15725759012517,0.0,-8728.196909627743,True,1.0,1000,82.69462606610097,-5.277355083704376,-12.028018850194659,1.0730157693824093e+18,5.9870707363621625,289.4027643900756,79.17886807315261,115.63518003633787,40.76991332161351,27.682513415705756,23.836105948952188
884,2282,2282,21,2.2,2026-07-16 09:14:56.528610,-45.03876463848813,167.57115766167544,69.15725759012517,0.0,-8728.196909627743,True,1.0,1000,82.6686673103596,-5.359577674435563,-11.971755015204838,1.0728327220576049e+18,5.987021340862838,289.4003978130532,79.18106384133239,115.62418427643141,40.773215673073665,27.671655581252107,23.840176449782266
885,2282,2282,21,2.2,2026-07-16 09:14:56.528610,-45.03876463848813,167.57115766167544,69.15725759012517,0.0,-8728.196909627743,True,1.0,1000,82.70158851333322,-5.230332162245841,-12.06807932442094,1.0738754870371927e+18,5.987302619340126,289.36677341283615,79.17027986998798,115.62273031159766,40.76000569109125,27.674257636471108,23.862919304166923
886,2282,2282,21,2.2,2026-07-16 09:14:56.528610,-45.03876463848813,167.57115766167544,69.15725759012517,0.0,-8728.196909627743,True,1.0,1000,82.67713982588313,-5.331281878131184,-11.991578295985681,1.0727714173065388e+18,5.987004795831926,289.3746297550294,79.17610447534338,115.6478131418551,40.73569710059357,27.69507593011072,23.831916714672815
887,2282,2282,21,2.2,2026-07-16 09:14:56.528610,-45.03876463848813,167.57115766167544,69.15725759012517,0.0,-8728.196909627743,True,1.0,1000,82.55991111347413,-5.386958376034806,-12.053130510491055,1.0738276407618875e+18,5.987289719125578,289.3784559924021,79.17489830049423,115.64752600628951,40.74191299908998,27.69525264533863,23.834554674939167
888,2282,2282,21,2.2,2026-07-16 09:14:56.528610,-45.03876463848813,167.57115766167544,69.15725759012517,0.0,-8728.196909627743,True,1.0,1000,82.38422294040906,-5.373645474963366,-12.242131584627561,1.0769880755224643e+18,5.988140596526439,289.3490162197696,79.15661905272222,115.59609524749007,40.78973787322157,27.6548922393057,23.910884404495153
889,2282,2282,21,2.2,2026-07-16 09:14:56.528610,-45.03876463848813,167.57115766167544,69.15725759012517,0.0,-8728.196909627743,True,1.0,1000,82.56926580668569,-5.3564266980349045,-12.0743074952794,1.0735753665178506e+18,5.987221691955246,289.4010448309818,79.18727664066182,115.62775608936907,40.75972162330915,27.67265937836422,23.82496584438607
890,2282,2282,21,2.2,2026-07-16 09:14:56.528610,-45.03876463848813,167.57115766167544,69.15725759012517,0.0,-8728.196909627743,True,1.0,1000,82.49786513173373,-5.37313813206431,-12.12899673620195,1.0746798416624023e+18,5.987519401774894,289.4069028159215,79.16692554234344,115.6196435996643,40.80877966613232,27.67265867135753,23.872025489412394
891,2282,2282,21,2.2,2026-07-16 09:14:56.528610,-45.03876463848813,167.57115766167544,69.15725759012517,0.0,-8728.196909627743,True,1.0,1000,82.552039767272,-5.342613055928896,-12.105347176799102,1.0742900859200991e+18,5.987414378577278,289.3974931109645,79.19231253396026,115.6129586212826,40.760097766382124,27.657288703779244,23.8262671136495
892,2282,2282,21,2.2,2026-07-16 09:14:56.528610,-45.03876463848813,167.57115766167544,69.15725759012517,0.0,-8728.196909627743,True,1.0,1000,82.44453686750364,-5.362641481766275,-12.192821650730071,1.0752969588898505e+18,5.98768561170104,289.38083298826035,79.17356293386564,115.6531239606622,40.74179236335028,27.700859640826497,23.832921298880667
893,2282,2282,21,2.2,2026-07-16 09:14:56.528610,-45.03876463848813,167.57115766167544,69.15725759012517,0.0,-8728.196909627743,True,1.0,1000,82.59169539739649,-5.345923916913085,-12.062380685690417,1.0738063742484173e+18,5.987283985107346,289.3994005280176,79.17042607117622,115.63133479568589,40.784880416758185,27.68207346486508,23.855990781451503
894,2282,2282,21,2.2,2026-07-16 09:14:56.528610,-45.03876463848813,167.57115766167544,69.15725759012517,0.0,-8728.196909627743,True,1.0,1000,82.62784898622867,-5.305420527703722,-12.066730486067602,1.074455320911594e+18,5.987458907286878,289.37237910012897,79.17736617352432,115.6130004641574,40.761502564798704,27.66277469368789,23.856216454523622
895,2282,2282,21,2.2,2026-07-16 09:14:56.528610,-45.03876463848813,167.57115766167544,69.15725759012517,0.0,-8728.196909627743,True,1.0,1000,82.6256102069422,-5.375307774712481,-11.999082018345314,1.073247050035718e+18,5.9871331356240995,289.39235623585495,79.20565162710363,115.60292040470787,40.73998284142823,27.643247930193244,23.807234306422203
896,2282,2282,21,2.2,2026-07-16 09:14:56.528610,-45.03876463848813,167.57115766167544,69.15725759012517,0.0,-8728.196909627743,True,1.0,1000,82.62180314062003,-5.348323566309764,-12.029873293070207,1.0739302070567731e+18,5.987317372134959,289.37344126409675,79.18054423329104,115.60959072978254,40.7598892249218,27.65849726135469,23.852472967236785
897,2282,2282,21,2.2,2026-07-16 09:14:56.528610,-45.03876463848813,167.57115766167544,69.15725759012517,0.0,-8728.196909627743,True,1.0,1000,82.73013938481454,-5.356349175253918,-11.913511439931545,1.072021701671071e+18,5.986802384778003,289.39095403325547,79.17351761581759,115.68245301942598,40.72652243426788,27.727706561838232,23.81046286419061
898,2282,2282,21,2.2,2026-07-16 09:14:56.528610,-45.03876463848813,167.57115766167544,69.15725759012517,0.0,-8728.196909627743,True,1.0,1000,82.57954899858849,-5.341979827894372,-12.078471173517146,1.0745924370045688e+18,5.987495853115509,289.3526129413229,79.15524271376009,115.64697736120489,40.75141110276729,27.701916707219674,23.874353428868446
899,2282,2282,21,2.2,2026-07-16 09:14:56.528610,-45.03876463848813,167.57115766167544,69.15725759012517,0.0,-8728.196909627743,True,1.0,1000,82.69203140756055,-5.273735522059191,-12.034233070380262,1.0729563292513482e+18,5.987054697308692,289.37327448023916,79.17598019391991,115.61869237122396,40.7599017941245,27.668485773980894,23.854604890598097
900,2282,2282,21,2.2,2026-07-16 09:14:56.528610,-45.03876463848813,167.57115766167544,69.15725759012517,0.0,-8728.196909627743,True,1.0,1000,82.55796819666962,-5.445202563805046,-11.996829239525336,1.0737117999884828e+18,5.9872584839934,289.38391190633143,79.17803951589457,115.63963249900844,40.74865880547213,27.686887996942694,23.83433740224332
901,2282,2282,21,2.2,2026-07-16 09:14:56.528610,-45.03876463848813,167.57115766167544,69.15725759012517,0.0,-8728.196909627743,True,1.0,1000,82.65134861762508,-5.340763963065793,-12.007887419309137,1.0732457496191931e+18,5.987132784810767,289.3892638628262,79.18440206345635,115.6334406601544,40.74810114660384,27.678906443213474,23.82635142212656
902,2282,2282,21,2.2,2026-07-16 09:14:56.528610,-45.03876463848813,167.57115766167544,69.15725759012517,0.0,-8728.196909627743,True,1.0,1000,82.59298137902294,-5.349598672029752,-12.0574199489473,1.0742017739081236e+18,5.987390576814922,289.3854938702741,79.18909313342618,115.6115003880847,40.75508876478288,27.657127698932566,23.833850328633456
903,2282,2282,21,2.2,2026-07-16 09:14:56.528610,-45.03876463848813,167.57115766167544,69.15725759012517,0.0,-8728.196909627743,True,1.0,1000,82.46847600243208,-5.377480166424211,-12.154043831143703,1.0753594224588854e+18,5.987702429874068,289.3636559653983,79.16223732308984,115.62013128471133,40.77343081050672,27.674815686413016,23.881047185998998
904,2282,2282,21,2.2,2026-07-16 09:14:56.528610,-45.03876463848813,167.57115766167544,69.15725759012517,0.0,-8728.196909627743,True,1.0,1000,82.58860227529614,-5.287857929445038,-12.123539795258827,1.0746133907031991e+18,5.987501498658667,289.3869405876943,79.16212606337331,115.5973006210752,40.816827212238465,27.65398167585046,23.898907922184797
905,2282,2282,21,2.2,2026-07-16 09:14:56.528610,-45.03876463848813,167.57115766167544,69.15725759012517,0.0,-8728.196909627743,True,1.0,1000,82.78167908476934,-5.250213603207415,-11.968107312023252,1.0722548753816625e+18,5.986865353058197,289.3818516496123,79.17646432660499,115.62732006889014,40.760107332405966,27.67620016913011,23.84698146206177
906,2282,2282,21,2.2,2026-07-16 09:14:56.528610,-45.03876463848813,167.57115766167544,69.15725759012517,0.0,-8728.196909627743,True,1.0,1000,82.6930006814227,-5.307840543089305,-11.999158775487986,1.0731647406906342e+18,5.987110930196079,289.3852304811461,79.17147536975301,115.6290066442301,40.7708747507961,27.679561598285492,23.855682463639845
907,2282,2282,21,2.2,2026-07-16 09:14:56.528610,-45.03876463848813,167.57115766167544,69.15725759012517,0.0,-8728.196909627743,True,1.0,1000,82.54585534893127,-5.298579420763476,-12.155565230305262,1.0748076902571986e+18,5.987553843435044,289.37644522167824,79.17111000508848,115.61938132088285,40.771120887287786,27.670892126405,23.86383862649513
908,2282,2282,21,2.2,2026-07-16 09:14:56.528610,-45.03876463848813,167.57115766167544,69.15725759012517,0.0,-8728.196909627743,True,1.0,1000,82.45338532450444,-5.4164147430091365,-12.130199932486425,1.0750255081662355e+18,5.987612512865055,289.4035744942793,79.17242514132768,115.66165289634905,40.75913972654092,27.709075805181705,23.828638228063422
909,2282,2282,21,2.2,2026-07-16 09:14:56.528610,-45.03876463848813,167.57115766167544,69.15725759012517,0.0,-8728.196909627743,True,1.0,1000,82.69076937466521,-5.222323551637903,-12.086907073696892,1.0737704511753644e+18,5.9872742990325,289.3877405740555,79.16074338171461,115.66707757241127,40.75930104891349,27.71829318787693,23.847857891263757
910,2282,2282,21,2.2,2026-07-16 09:14:56.528610,-45.03876463848813,167.57115766167544,69.15725759012517,0.0,-8728.196909627743,True,1.0,1000,82.41846946040172,-5.486307214270998,-12.095223325327265,1.0751039622596595e+18,5.9876336416267355,289.39693509103074,79.18095956027835,115.61290103496158,40.77976177646524,27.661373432477372,23.84908600640659
911,2282,2282,21,2.2,2026-07-16 09:14:56.528610,-45.03876463848813,167.57115766167544,69.15725759012517,0.0,-8728.196909627743,True,1.0,1000,82.50403216443488,-5.27208510628148,-12.22388272928364,1.0763513129328338e+18,5.9879693632698485,289.37087040319074,79.16265599188998,115.61879201096272,40.781069422334774,27.673438241126444,23.881241806925463
912,2282,2282,21,2.2,2026-07-16 09:14:56.528610,-45.03876463848813,167.57115766167544,69.15725759012517,0.0,-8728.196909627743,True,1.0,1000,82.80678038522565,-5.2750307972152495,-11.9181888175591,1.0714125435302844e+18,5.986637817704165,289.39463544378265,79.19120612069126,115.6281343302372,40.74600436448337,27.671574494227936,23.816794248511567
913,2282,2282,21,2.2,2026-07-16 09:14:56.528610,-45.03876463848813,167.57115766167544,69.15725759012517,0.0,-8728.196909627743,True,1.0,1000,82.50295673954372,-5.339256385442704,-12.15778687501357,1.0753174035456801e+18,5.987691116485391,289.3668235317559,79.18188121630841,115.6366271662789,40.72736504775736,27.68273949397756,23.828951215541494
914,2282,2282,21,2.2,2026-07-16 09:14:56.528610,-45.03876463848813,167.57115766167544,69.15725759012517,0.0,-8728.196909627743,True,1.0,1000,82.6115478884658,-5.269255655084388,-12.119196456449805,1.0741440482482138e+18,5.987375017597025,289.38828003491165,79.17953872881017,115.65753685897865,40.73480480472365,27.70272054383968,23.817553942063476
915,2282,2282,21,2.2,2026-07-16 09:14:56.528610,-45.03876463848813,167.57115766167544,69.15725759012517,0.0,-8728.196909627743,True,1.0,1000,82.5941641319997,-5.333938000884792,-12.071897867115508,1.0745047383746258e+18,5.987472223328694,289.3601783660213,79.1844248479718,115.60690975099591,40.74206639485783,27.65463026388328,23.846756764547365
916,2282,2282,21,2.2,2026-07-16 09:14:56.528610,-45.03876463848813,167.57115766167544,69.15725759012517,0.0,-8728.196909627743,True,1.0,1000,82.53861248934716,-5.377722757087136,-12.08366475356571,1.0741446570688238e+18,5.987375181701245,289.36751916164155,79.18299223256415,115.60627354142291,40.75250718800408,27.654570717564287,23.850121784882948
917,2282,2282,21,2.2,2026-07-16 09:14:56.528610,-45.03876463848813,167.57115766167544,69.15725759012517,0.0,-8728.196909627743,True,1.0,1000,82.56972484352899,-5.305152405246934,-12.125122751224083,1.0744275470842035e+18,5.987451423075641,289.3579548008517,79.16796772255339,115.62632683448417,40.7521591203294,27.678390103334912,23.864780068445963
918,2282,2282,21,2.2,2026-07-16 09:14:56.528610,-45.03876463848813,167.57115766167544,69.15725759012517,0.0,-8728.196909627743,True,1.0,1000,82.66875590680006,-5.420840917806582,-11.910403175393354,1.071991924026733e+18,5.98679434237475,289.3941633160081,79.18476933344863,115.62689204905394,40.758044503510455,27.67278226602085,23.830659383930342
919,2282,2282,21,2.2,2026-07-16 09:14:56.528610,-45.03876463848813,167.57115766167544,69.15725759012517,0.0,-8728.196909627743,True,1.0,1000,82.52190492487276,-5.326549248077131,-12.151545827050109,1.0746541789273651e+18,5.987512487891114,289.3852185356657,79.16864934318406,115.61582320206085,40.787363913862215,27.668536064354736,23.871517995510132
920,2282,2282,21,2.2,2026-07-16 09:14:56.528610,-45.03876463848813,167.57115766167544,69.15725759012517,0.0,-8728.196909627743,True,1.0,1000,82.61395112892319,-5.3524066399400025,-12.033642231136815,1.0732009171355236e+18,5.987120690092817,289.39074956213307,79.17487654909311,115.6238722113357,40.77482598704736,27.673625588722242,23.852822989904297
921,2282,2282,21,2.2,2026-07-16 09:14:56.528610,-45.03876463848813,167.57115766167544,69.15725759012517,0.0,-8728.196909627743,True,1.0,1000,82.53137155439752,-5.330814835290855,-12.137813610311625,1.0745044515479071e+18,5.987472146042063,289.3770304516266,79.17710122066569,115.63248227201358,40.749662874298544,27.680689629048178,23.841726187803033
922,2282,2282,21,2.2,2026-07-16 09:14:56.528610,-45.03876463848813,167.57115766167544,69.15725759012517,0.0,-8728.196909627743,True,1.0,1000,82.4613093053279,-5.469201954033692,-12.069488740638397,1.0743176934620182e+18,5.987421818932055,289.378360142212,79.16817578020765,115.61615212359733,40.78105977882742,27.669009658347342,23.8722136117028
923,2282,2282,21,2.2,2026-07-16 09:14:56.528610,-45.03876463848813,167.57115766167544,69.15725759012517,0.0,-8728.196909627743,True,1.0,1000,82.49330431973941,-5.343702629838085,-12.162993050422495,1.0749866445845484e+18,5.987602045799213,289.3878872785212,79.18239254396445,115.65336999806124,40.73296897396423,27.69786973552004,23.815040673482002
924,2282,2282,21,2.2,2026-07-16 09:14:56.528610,-45.03876463848813,167.57115766167544,69.15725759012517,0.0,-8728.196909627743,True,1.0,1000,82.53610415086213,-5.372590155387483,-12.091305693750385,1.0742147038711155e+18,5.987394061807479,289.39921071651315,79.15741627634817,115.62457832287372,40.81366622746067,27.680641943641053,23.887277064909256
925,2282,2282,21,2.2,2026-07-16 09:14:56.528610,-45.03876463848813,167.57115766167544,69.15725759012517,0.0,-8728.196909627743,True,1.0,1000,82.60150713586307,-5.334407760736019,-12.06408510340091,1.0733991681617992e+18,5.987174169594396,289.37087743221156,79.1831648214367,115.59519977745434,40.7652090606655,27.644379959083796,23.85832380225759
926,2282,2282,21,2.2,2026-07-16 09:14:56.528610,-45.03876463848813,167.57115766167544,69.15725759012517,0.0,-8728.196909627743,True,1.0,1000,82.71612861951381,-5.423760938149375,-11.86011044233682,1.0715989066732191e+18,5.986688174557401,289.40204625404454,79.20945438492127,115.61299934765039,40.73414602338433,27.65108596838774,23.791836701139825
927,2282,2282,21,2.2,2026-07-16 09:14:56.528610,-45.03876463848813,167.57115766167544,69.15725759012517,0.0,-8728.196909627743,True,1.0,1000,82.63888787727171,-5.296327118561241,-12.064785004167042,1.0739683686496581e+18,5.987327660249055,289.3903251275423,79.18913728382894,115.64273186131308,40.7326793077209,27.685682367576792,23.80970616074089
928,2282,2282,21,2.2,2026-07-16 09:14:56.528610,-45.03876463848813,167.57115766167544,69.15725759012517,0.0,-8728.196909627743,True,1.0,1000,82.67953679065417,-5.294685982122848,-12.025777227222987,1.0735295718404448e+18,5.987209341448385,289.37829883664546,79.18171456038382,115.61791231827452,40.755420603442346,27.66568167921045,23.84370681287043
929,2282,2282,21,2.2,2026-07-16 09:14:56.528610,-45.03876463848813,167.57115766167544,69.15725759012517,0.0,-8728.196909627743,True,1.0,1000,82.61262636137077,-5.287444696043748,-12.09992894258548,1.0738889197994277e+18,5.987306240950578,289.40180517880214,79.19901551931088,115.62647460017921,40.74074460717196,27.667213513521073,23.802408484727817
930,2282,2282,21,2.2,2026-07-16 09:14:56.528610,-45.03876463848813,167.57115766167544,69.15725759012517,0.0,-8728.196909627743,True,1.0,1000,82.52753181624354,-5.356219081773388,-12.116249101983064,1.074621227381626e+18,5.987503610062213,289.3544023509306,79.16974824991405,115.58930428166283,40.77772459215458,27.643886217838702,23.88980050705145
931,2282,2282,21,2.2,2026-07-16 09:14:56.528610,-45.03876463848813,167.57115766167544,69.15725759012517,0.0,-8728.196909627743,True,1.0,1000,82.66388637869736,-5.299034660233529,-12.037078961069113,1.0734612717037371e+18,5.987190920396377,289.3667411609449,79.16616864580142,115.62046075042144,40.76924973436123,27.673682114606706,23.87291223363815
932,2282,2282,21,2.2,2026-07-16 09:14:56.528610,-45.03876463848813,167.57115766167544,69.15725759012517,0.0,-8728.196909627743,True,1.0,1000,82.60299192486275,-5.326259674003462,-12.070748401133798,1.0739074863280837e+18,5.9873112466025225,289.3899186177249,79.17423663360046,115.65304030359239,40.74975568240986,27.700537733223708,23.83163595995164
933,2282,2282,21,2.2,2026-07-16 09:14:56.528610,-45.03876463848813,167.57115766167544,69.15725759012517,0.0,-8728.196909627743,True,1.0,1000,82.86265863140183,-5.212520198609869,-11.924821169988288,1.0720465862292406e+18,5.986809105475822,289.3611217831085,79.16945584679047,115.66141244340314,40.72216108123331,27.709937268560125,23.83477037376018
934,2282,2282,21,2.2,2026-07-16 09:14:56.528610,-45.03876463848813,167.57115766167544,69.15725759012517,0.0,-8728.196909627743,True,1.0,1000,82.60602407213537,-5.360763201626987,-12.03321272623765,1.0737484224490552e+18,5.987268359182939,289.3883532673654,79.18785265862479,115.60193824568782,40.76847977189664,27.64883345187271,23.8437150860728
935,2282,2282,21,2.2,2026-07-16 09:14:56.528610,-45.03876463848813,167.57115766167544,69.15725759012517,0.0,-8728.196909627743,True,1.0,1000,82.55240549402833,-5.361291472331167,-12.086303033640501,1.0742979837437238e+18,5.987416507095239,289.40374227518214,79.16872687163946,115.64281903140221,40.78224249798021,27.693196265350256,23.850545521026397
936,2282,2282,21,2.2,2026-07-16 09:14:56.528610,-45.03876463848813,167.57115766167544,69.15725759012517,0.0,-8728.196909627743,True,1.0,1000,82.60951124913694,-5.331973709916747,-12.058515040946311,1.0740050059835807e+18,5.987337537089023,289.376219829521,79.1704130801717,115.61755535604222,40.77372387025251,27.669476529792473,23.866644869529598
937,2282,2282,21,2.2,2026-07-16 09:14:56.528610,-45.03876463848813,167.57115766167544,69.15725759012517,0.0,-8728.196909627743,True,1.0,1000,82.58088899378764,-5.398593002111426,-12.02051800410093,1.0737717590741219e+18,5.987274651691902,289.385744306274,79.1851500469001,115.62227163659938,40.75296949063578,27.668417118510437,23.833456286528744
938,2282,2282,21,2.2,2026-07-16 09:14:56.528610,-45.03876463848813,167.57115766167544,69.15725759012517,0.0,-8728.196909627743,True,1.0,1000,82.6623204599507,-5.339745186683718,-11.997934353365592,1.0734579556280177e+18,5.987190025996395,289.3915283406831,79.1881475850186,115.62275006740533,40.75301291190895,27.667762765767222,23.827075843377777
939,2282,2282,21,2.2,2026-07-16 09:14:56.528610,-45.03876463848813,167.57115766167544,69.15725759012517,0.0,-8728.196909627743,True,1.0,1000,82.38989222337223,-5.4191179181768145,-12.190989858450948,1.075504410996653e+18,5.987741463940913,289.4196275366245,79.16612388569285,115.67467781209503,40.775048463790995,27.723284953530754,23.831239921787365
940,2282,2282,21,2.2,2026-07-16 09:14:56.528610,-45.03876463848813,167.57115766167544,69.15725759012517,0.0,-8728.196909627743,True,1.0,1000,82.68051904757681,-5.278952859221591,-12.040528093201612,1.0732113407671276e+18,5.987123502181174,289.3911560902361,79.18908913892334,115.62217328242465,40.75146994098949,27.666892185059183,23.825631819901115
941,2282,2282,21,2.2,2026-07-16 09:14:56.528610,-45.03876463848813,167.57115766167544,69.15725759012517,0.0,-8728.196909627743,True,1.0,1000,82.61780942141212,-5.423337711012701,-11.958852867575173,1.0729845715292483e+18,5.987062318186752,289.3937196436049,79.18648975766841,115.63206677417854,40.7500448288443,27.676889321046772,23.823223636738508
942,2282,2282,21,2.2,2026-07-16 09:14:56.528610,-45.03876463848813,167.57115766167544,69.15725759012517,0.0,-8728.196909627743,True,1.0,1000,82.39455766789375,-5.394124776113497,-12.211317555992752,1.0760200660394086e+18,5.987880246865186,289.3853837877875,79.17254086399215,115.62568407310928,40.772029501495545,27.6761343549902,23.85610847231087
943,2282,2282,21,2.2,2026-07-16 09:14:56.528610,-45.03876463848813,167.57115766167544,69.15725759012517,0.0,-8728.196909627743,True,1.0,1000,82.51908815559561,-5.372062764064101,-12.108849080340283,1.0740755406655329e+18,5.987356551163836,289.36918229612127,79.16669939482027,115.60527558861861,40.78398660765522,27.659602952424134,23.88357269104856
944,2282,2282,21,2.2,2026-07-16 09:14:56.528610,-45.03876463848813,167.57115766167544,69.15725759012517,0.0,-8728.196909627743,True,1.0,1000,82.57372364261327,-5.412012862347415,-12.01426349503931,1.0737213915203553e+18,5.987261070367608,289.4007896101576,79.19056224719316,115.60816634409456,40.770676259818686,27.65354265108831,23.833473741932078
945,2282,2282,21,2.2,2026-07-16 09:14:56.528610,-45.03876463848813,167.57115766167544,69.15725759012517,0.0,-8728.196909627743,True,1.0,1000,82.42891872386605,-5.3906519550951995,-12.180429321038751,1.0757684380309998e+18,5.987812532244944,289.3675371459475,79.17498737748915,115.60177569609908,40.77066929443983,27.65337728301271,23.86965253588861
946,2282,2282,21,2.2,2026-07-16 09:14:56.528610,-45.03876463848813,167.57115766167544,69.15725759012517,0.0,-8728.196909627743,True,1.0,1000,82.66814159814713,-5.36610347139804,-11.965754930454837,1.0735609468936891e+18,5.98721780313945,289.3734901632956,79.17653297377508,115.64157530548688,40.73922112331261,27.689213957046473,23.835860696901708
947,2282,2282,21,2.2,2026-07-16 09:14:56.528610,-45.03876463848813,167.57115766167544,69.15725759012517,0.0,-8728.196909627743,True,1.0,1000,82.55571436080902,-5.356341499381503,-12.087944139809471,1.0745937884262108e+18,5.987496217231599,289.35335303677647,79.16618401718833,115.63447805211722,40.74362485330689,27.686495100590992,23.86206926252117
948,2282,2282,21,2.2,2026-07-16 09:14:56.528610,-45.03876463848813,167.57115766167544,69.15725759012517,0.0,-8728.196909627743,True,1.0,1000,82.69239766270071,-5.265187439081612,-12.042414898217686,1.0734023322719493e+18,5.987175023053573,289.3899544605317,79.17232247841032,115.6489959973658,40.756703069063846,27.69753564580464,23.838584066798813
949,2282,2282,21,2.2,2026-07-16 09:14:56.528610,-45.03876463848813,167.57115766167544,69.15725759012517,0.0,-8728.196909627743,True,1.0,1000,82.6156316742972,-5.4424561104725075,-11.941912215230293,1.072957843927883e+18,5.9870551060331225,289.3690118452762,79.18539565525639,115.60286761509711,40.752695814394414,27.650579268179392,23.84792802196198
950,2282,2282,21,2.2,2026-07-16 09:14:56.528610,-45.03876463848813,167.57115766167544,69.15725759012517,0.0,-8728.196909627743,True,1.0,1000,82.49360347345518,-5.345890544131182,-12.160505982413635,1.0752863265886497e+18,5.987682748880972,289.35344442762363,79.16515953990418,115.63649466498471,40.74377839764992,27.68871298034319,23.862567533254467
951,2282,2282,21,2.2,2026-07-16 09:14:56.528610,-45.03876463848813,167.57115766167544,69.15725759012517,0.0,-8728.196909627743,True,1.0,1000,82.66206521091024,-5.284114519330654,-12.0538202697591,1.0736494647062328e+18,5.987241674606884,289.35940539408733,79.17658325186068,115.56712561948531,40.78994114390851,27.621111034333673,23.89324028459807
952,2282,2282,21,2.2,2026-07-16 09:14:56.528610,-45.03876463848813,167.57115766167544,69.15725759012517,0.0,-8728.196909627743,True,1.0,1000,82.45180863937996,-5.413018190258384,-12.13517317036165,1.0746403455964211e+18,5.987508760938401,289.41474864172926,79.17917550273653,115.64699470862817,40.77107840479059,27.693208779676013,23.82639262608051
953,2282,2282,21,2.2,2026-07-16 09:14:56.528610,-45.03876463848813,167.57115766167544,69.15725759012517,0.0,-8728.196909627743,True,1.0,1000,82.72096397977951,-5.282898760987492,-11.996137259233,1.0728164148062843e+18,5.9870169399263,289.39377971668694,79.1788423979216,115.62993504432382,40.765537475360375,27.67772522556347,23.84019842530454
954,2282,2282,21,2.2,2026-07-16 09:14:56.528610,-45.03876463848813,167.57115766167544,69.15725759012517,0.0,-8728.196909627743,True,1.0,1000,82.62948963044582,-5.329698740457194,-12.040811629096973,1.0736120476507793e+18,5.987231584222383,289.37114399641786,79.17723956704056,115.63276467607369,40.743285105437415,27.680897517506775,23.84123125676681
955,2282,2282,21,2.2,2026-07-16 09:14:56.528610,-45.03876463848813,167.57115766167544,69.15725759012517,0.0,-8728.196909627743,True,1.0,1000,82.63178709572294,-5.3279945682485135,-12.040218336028541,1.0734290255243233e+18,5.987182222955988,289.38331821480523,79.1743401062896,115.61339321869711,40.77747455342448,27.664237615152715,23.861982167305126
956,2282,2282,21,2.2,2026-07-16 09:14:56.528610,-45.03876463848813,167.57115766167544,69.15725759012517,0.0,-8728.196909627743,True,1.0,1000,82.5940736184034,-5.338225541702947,-12.067700839893647,1.0734656851069253e+18,5.9871921107592785,289.40667639745794,79.21330577221812,115.58571485067638,40.75565950541529,27.624719902503642,23.805129508274245
957,2282,2282,21,2.2,2026-07-16 09:14:56.528610,-45.03876463848813,167.57115766167544,69.15725759012517,0.0,-8728.196909627743,True,1.0,1000,82.61111375208812,-5.2979763927765795,-12.090909855135305,1.0742038170880521e+18,5.987391127512779,289.3892181737311,79.1820970629371,115.6795911078236,40.712063213150394,27.721967519045048,23.79548225142167
958,2282,2282,21,2.2,2026-07-16 09:14:56.528610,-45.03876463848813,167.57115766167544,69.15725759012517,0.0,-8728.196909627743,True,1.0,1000,82.4880493361511,-5.396434586174612,-12.115516077674297,1.0746326514237581e+18,5.987506687966602,289.35610877998954,79.16811335623058,115.59867746190902,40.774156815063925,27.653053576444737,23.885834815084287
959,2282,2282,21,2.2,2026-07-16 09:14:56.528610,-45.03876463848813,167.57115766167544,69.15725759012517,0.0,-8728.196909627743,True,1.0,1000,82.70326796937384,-5.319016417808169,-11.977715612818004,1.0724410176610442e+18,5.986915610728913,289.3922703984307,79.17914768791435,115.62422114569463,40.768458902807744,27.672387670125918,23.843990234022773
960,2282,2282,21,2.2,2026-07-16 09:14:56.528610,-45.03876463848813,167.57115766167544,69.15725759012517,0.0,-8728.196909627743,True,1.0,1000,82.55311081756948,-5.352339535835831,-12.094549646594698,1.0736410086091827e+18,5.987239394253213,289.3911824125613,79.17784221621397,115.62185908931721,40.77174545576529,27.670703130819252,23.84842898131502
961,2282,2282,21,2.2,2026-07-16 09:14:56.528610,-45.03876463848813,167.57115766167544,69.15725759012517,0.0,-8728.196909627743,True,1.0,1000,82.59037541592728,-5.3779092468064995,-12.031715337266208,1.073562364691478e+18,5.987218185506408,289.3969249855186,79.1780009674234,115.63701571668898,40.76401628486514,27.684508443348044,23.836430070694533
962,2282,2282,21,2.2,2026-07-16 09:14:56.528610,-45.03876463848813,167.57115766167544,69.15725759012517,0.0,-8728.196909627743,True,1.0,1000,82.57181044370394,-5.417868620083586,-12.010320936212482,1.0736311559787448e+18,5.987236737274059,289.36075558956003,79.16680789052306,115.60796294903713,40.77302354191914,27.662020604723256,23.881279318179455
963,2282,2282,21,2.2,2026-07-16 09:14:56.528610,-45.03876463848813,167.57115766167544,69.15725759012517,0.0,-8728.196909627743,True,1.0,1000,82.6231453195976,-5.293057298146692,-12.08379738225571,1.0745973789472696e+18,5.9874971846302545,289.3841706268871,79.16284179967147,115.63616512603112,40.77890393306106,27.689257024978758,23.86746585818959
964,2282,2282,21,2.2,2026-07-16 09:14:56.528610,-45.03876463848813,167.57115766167544,69.15725759012517,0.0,-8728.196909627743,True,1.0,1000,82.46639333640816,-5.331211298646497,-12.202395364945351,1.0756509666284424e+18,5.9877809145561125,289.41566634008643,79.18150825966342,115.63066375096912,40.78205693939978,27.677420400248973,23.834292248330392
965,2282,2282,21,2.2,2026-07-16 09:14:56.528610,-45.03876463848813,167.57115766167544,69.15725759012517,0.0,-8728.196909627743,True,1.0,1000,82.59145075903702,-5.344598997472292,-12.063950243490687,1.0738428164646505e+18,5.9872938108296525,289.3784914614485,79.18477367106884,115.60114434451036,40.764782362299194,27.64922993888712,23.850506011482985
966,2282,2282,21,2.2,2026-07-16 09:14:56.528610,-45.03876463848813,167.57115766167544,69.15725759012517,0.0,-8728.196909627743,True,1.0,1000,82.54516138753411,-5.363282811398234,-12.091555801067669,1.0744665725411359e+18,5.987461939207605,289.3878464294998,79.17994308473187,115.63040899378535,40.75723760294544,27.677757651509552,23.837626524877614
967,2282,2282,21,2.2,2026-07-16 09:14:56.528610,-45.03876463848813,167.57115766167544,69.15725759012517,0.0,-8728.196909627743,True,1.0,1000,82.56842624903544,-5.299543932549805,-12.13202981841475,1.0740633915469371e+18,5.987353276207959,289.3971204904966,79.16306048202263,115.63161077371721,40.79543204334996,27.685012412979134,23.870539782242748
968,2282,2282,21,2.2,2026-07-16 09:14:56.528610,-45.03876463848813,167.57115766167544,69.15725759012517,0.0,-8728.196909627743,True,1.0,1000,82.63031667061885,-5.393853935699545,-11.975829393681611,1.0726380898177994e+18,5.986968809917177,289.389519403847,79.17530034276237,115.6444685924844,40.7549215727854,27.692309532846423,23.83610299957373
969,2282,2282,21,2.2,2026-07-16 09:14:56.528610,-45.03876463848813,167.57115766167544,69.15725759012517,0.0,-8728.196909627743,True,1.0,1000,82.48602594573863,-5.413077754935757,-12.100896299325608,1.074623264526858e+18,5.987504158919227,289.38883724142516,79.16601747835412,115.65586779279906,40.76079336154282,27.706118422483616,23.845924190080865
970,2282,2282,21,2.2,2026-07-16 09:14:56.528610,-45.03876463848813,167.57115766167544,69.15725759012517,0.0,-8728.196909627743,True,1.0,1000,82.41271560272938,-5.3615055293772835,-12.225778867893334,1.0762370954828954e+18,5.987938638084549,289.34666770338885,79.15116687630805,115.62104969380486,40.77529044345061,27.679698201527714,23.90252543834832
971,2282,2282,21,2.2,2026-07-16 09:14:56.528610,-45.03876463848813,167.57115766167544,69.15725759012517,0.0,-8728.196909627743,True,1.0,1000,82.47734839719722,-5.379291308078054,-12.143360294724724,1.0750766935808248e+18,5.987626297972944,289.3681782237055,79.16674621253705,115.6239259200842,40.76664228893502,27.676640124671362,23.869080677068734
972,2282,2282,21,2.2,2026-07-16 09:14:56.528610,-45.03876463848813,167.57115766167544,69.15725759012517,0.0,-8728.196909627743,True,1.0,1000,82.6083102475242,-5.302926230166292,-12.088763522309511,1.0741583806846149e+18,5.987378880801114,289.37213149138546,79.17530182020501,115.61812311637915,40.76045934937441,27.668212536312158,23.856404290099984
973,2282,2282,21,2.2,2026-07-16 09:14:56.528610,-45.03876463848813,167.57115766167544,69.15725759012517,0.0,-8728.196909627743,True,1.0,1000,82.6580304028299,-5.412925020361467,-11.929044576808636,1.072483675346634e+18,5.986927126904766,289.38641863358913,79.1850066746574,115.56407628479178,40.80463029382684,27.615246017967273,23.878685364844838
974,2282,2282,21,2.2,2026-07-16 09:14:56.528610,-45.03876463848813,167.57115766167544,69.15725759012517,0.0,-8728.196909627743,True,1.0,1000,82.66901426793436,-5.250510309458745,-12.080475422606899,1.0742333954759777e+18,5.987399099652145,289.3731527806469,79.17527792244262,115.61784655774511,40.76176396227705,27.667968321822084,23.856665549001765
975,2282,2282,21,2.2,2026-07-16 09:14:56.528610,-45.03876463848813,167.57115766167544,69.15725759012517,0.0,-8728.196909627743,True,1.0,1000,82.50902083316188,-5.349594312509699,-12.141384854328432,1.0748535443821334e+18,5.987566195268667,289.4033437788696,79.17754121605294,115.63174086758697,40.77584023436147,27.679851143233975,23.841415443476443
976,2282,2282,21,2.2,2026-07-16 09:14:56.528610,-45.03876463848813,167.57115766167544,69.15725759012517,0.0,-8728.196909627743,True,1.0,1000,82.50538084019631,-5.357495066615849,-12.13712409318784,1.0748104576965836e+18,5.987554588921651,289.3736774710877,79.16636866709592,115.64351239956645,40.75575806011827,27.694690110667917,23.854736278897597
977,2282,2282,21,2.2,2026-07-16 09:14:56.528610,-45.03876463848813,167.57115766167544,69.15725759012517,0.0,-8728.196909627743,True,1.0,1000,82.46670078605192,-5.322646652640808,-12.21065256130728,1.0754535540234e+18,5.987727772737142,289.3819169835324,79.17870480915185,115.59556801041526,40.783855407154974,27.64634393446912,23.866988962781637
978,2282,2282,21,2.2,2026-07-16 09:14:56.528610,-45.03876463848813,167.57115766167544,69.15725759012517,0.0,-8728.196909627743,True,1.0,1000,82.64772715750321,-5.404118279921782,-11.948154562575004,1.0729476605873434e+18,5.98705235812175,289.38756678598054,79.17214420973421,115.62005573167859,40.77981856023418,27.67113164022616,23.861244772712887
979,2282,2282,21,2.2,2026-07-16 09:14:56.528610,-45.03876463848813,167.57115766167544,69.15725759012517,0.0,-8728.196909627743,True,1.0,1000,82.58746308438317,-5.306140050390996,-12.106396865225834,1.0745780083313843e+18,5.9874919655422625,289.38099335471867,79.14942944733693,115.63824677749598,40.79770528264695,27.696055579266023,23.892730038836692
980,2282,2282,21,2.2,2026-07-16 09:14:56.528610,-45.03876463848813,167.57115766167544,69.15725759012517,0.0,-8728.196909627743,True,1.0,1000,82.63714585982777,-5.274612036970678,-12.088242103201559,1.0738141337142285e+18,5.9872860772790775,289.38633659059064,79.18045022077062,115.61390467856796,40.76919400479305,27.66247708184422,23.849333408734932
981,2282,2282,21,2.2,2026-07-16 09:14:56.528610,-45.03876463848813,167.57115766167544,69.15725759012517,0.0,-8728.196909627743,True,1.0,1000,82.64922203292593,-5.262000573128575,-12.088777393945486,1.0737077480069942e+18,5.987257391362198,289.37106493348,79.16863867007041,115.65954042535168,40.73518021473404,27.70852259843138,23.837847467328306
982,2282,2282,21,2.2,2026-07-16 09:14:56.528610,-45.03876463848813,167.57115766167544,69.15725759012517,0.0,-8728.196909627743,True,1.0,1000,82.53060500475729,-5.285616958979344,-12.18377803626337,1.0751696484332273e+18,5.987651330626924,289.3723483421384,79.17358408100884,115.6320584850663,40.75159287590449,27.681583964056454,23.849103012561116
983,2282,2282,21,2.2,2026-07-16 09:14:56.528610,-45.03876463848813,167.57115766167544,69.15725759012517,0.0,-8728.196909627743,True,1.0,1000,82.54302009608209,-5.326423191616423,-12.13055671230149,1.075073345733781e+18,5.987625396360515,289.369982448895,79.17503480502535,115.6318098025089,40.74686826374044,27.680827694872892,23.846386692054345
984,2282,2282,21,2.2,2026-07-16 09:14:56.528610,-45.03876463848813,167.57115766167544,69.15725759012517,0.0,-8728.196909627743,True,1.0,1000,82.56114882615205,-5.448987731359152,-11.989863442488799,1.0731500737157216e+18,5.987106973158505,289.38823517449714,79.18032426706725,115.60852731147324,40.77600037441691,27.657604889129562,23.853734765955746
985,2282,2282,21,2.2,2026-07-16 09:14:56.528610,-45.03876463848813,167.57115766167544,69.15725759012517,0.0,-8728.196909627743,True,1.0,1000,82.44359799420232,-5.388567393826953,-12.167834611970733,1.0755171309203466e+18,5.987744888169861,289.3719617829996,79.16708327846355,115.59724712036147,40.79308798141528,27.652121933135795,23.889006433273785
986,2282,2282,21,2.2,2026-07-16 09:14:56.528610,-45.03876463848813,167.57115766167544,69.15725759012517,0.0,-8728.196909627743,True,1.0,1000,82.50089654006814,-5.465633300495479,-12.033470159436378,1.073987093376978e+18,5.9873327081785215,289.3654218801313,79.16763903301329,115.59356732361537,40.788771792077775,27.648554418158383,23.890736096827204
987,2282,2282,21,2.2,2026-07-16 09:14:56.528610,-45.03876463848813,167.57115766167544,69.15725759012517,0.0,-8728.196909627743,True,1.0,1000,82.4939619674683,-5.352208299150493,-12.153829733381219,1.0752848955989663e+18,5.987682363575018,289.33797748403333,79.15179015498168,115.56914295601973,40.81083919980658,27.63202239625466,23.941440918150175
988,2282,2282,21,2.2,2026-07-16 09:14:56.528610,-45.03876463848813,167.57115766167544,69.15725759012517,0.0,-8728.196909627743,True,1.0,1000,82.61042133612987,-5.258029145544652,-12.131549518325482,1.0752669074629448e+18,5.987677520075036,289.37473613339483,79.1664664553816,115.60722234526709,40.78825636516257,27.661468063378113,23.882536036868903
989,2282,2282,21,2.2,2026-07-16 09:14:56.528610,-45.03876463848813,167.57115766167544,69.15725759012517,0.0,-8728.196909627743,True,1.0,1000,82.54061768554101,-5.388406215497742,-12.070976098961241,1.0740972205250591e+18,5.98736239516517,289.37379083552383,79.1715996351028,115.62033575774032,40.76676565563012,27.671586368246093,23.862120596864763
990,2282,2282,21,2.2,2026-07-16 09:14:56.528610,-45.03876463848813,167.57115766167544,69.15725759012517,0.0,-8728.196909627743,True,1.0,1000,82.57784955480442,-5.379454369520167,-12.042696075675424,1.0735547762129055e+18,5.987216138958003,289.40034806953906,79.19545395128632,115.65162511590117,40.72376626600469,27.691521424942923,23.790204578924698
991,2282,2282,21,2.2,2026-07-16 09:14:56.528610,-45.03876463848813,167.57115766167544,69.15725759012517,0.0,-8728.196909627743,True,1.0,1000,82.6050727845929,-5.281335394867177,-12.113591820539913,1.0737194959167625e+18,5.987260559216446,289.3867639493112,79.17553766848988,115.66042046735029,40.73788025754957,27.706815079539652,23.823351597798013
992,2282,2282,21,2.2,2026-07-16 09:14:56.528610,-45.03876463848813,167.57115766167544,69.15725759012517,0.0,-8728.196909627743,True,1.0,1000,82.79252625567813,-5.197357477916298,-12.010116266405568,1.0732476008143327e+18,5.9871332842075065,289.37535681676604,79.1742031902646,115.64353169241635,40.74352054977332,27.691852288315896,23.839023071861007
993,2282,2282,21,2.2,2026-07-16 09:14:56.528610,-45.03876463848813,167.57115766167544,69.15725759012517,0.0,-8728.196909627743,True,1.0,1000,82.63166069584567,-5.248607788997185,-12.119731515157156,1.0744309725349852e+18,5.987452346142072,289.3922464092451,79.18132563612431,115.64343127842585,40.74785813073617,27.689166032672468,23.824826253471937
994,2282,2282,21,2.2,2026-07-16 09:14:56.528610,-45.03876463848813,167.57115766167544,69.15725759012517,0.0,-8728.196909627743,True,1.0,1000,82.58400281028236,-5.262264513527605,-12.153732676190046,1.0751030296165097e+18,5.9876333904622205,289.36882588793856,79.17630648032183,115.61622435238588,40.75702330292491,27.666109609786922,23.855854391090066
995,2282,2282,21,2.2,2026-07-16 09:14:56.528610,-45.03876463848813,167.57115766167544,69.15725759012517,0.0,-8728.196909627743,True,1.0,1000,82.45622503763536,-5.328508663390919,-12.215266298973729,1.0755552933181956e+18,5.987755161320819,289.38154292216893,79.17791938481687,115.63777330478317,40.748120063637195,27.685231136121814,23.836010074181143
996,2282,2282,21,2.2,2026-07-16 09:14:56.528610,-45.03876463848813,167.57115766167544,69.15725759012517,0.0,-8728.196909627743,True,1.0,1000,82.72850727691967,-5.34353492396686,-11.92795779911345,1.0723209476761477e+18,5.986883193312107,289.38826477268196,79.19228557042175,115.62228778956363,40.742800718276214,27.66583284452268,23.819132272734212
997,2282,2282,21,2.2,2026-07-16 09:14:56.528610,-45.03876463848813,167.57115766167544,69.15725759012517,0.0,-8728.196909627743,True,1.0,1000,82.58357793778833,-5.335025564761985,-12.08139649744968,1.0742067913629964e+18,5.98739192916661,289.3934025270488,79.18769841535199,115.5943445930009,40.78041976370379,27.64194430990367,23.8498857884376
998,2282,2282,21,2.2,2026-07-16 09:14:56.528610,-45.03876463848813,167.57115766167544,69.15725759012517,0.0,-8728.196909627743,True,1.0,1000,82.54678359690608,-5.388116046968964,-12.06510035612497,1.0737785034737853e+18,5.987276470232534,289.38564919350137,79.17899717387783,115.63313805069632,40.75434533388392,27.68059857176096,23.837420217263226
999,2282,2282,21,2.2,2026-07-16 09:14:56.528610,-45.03876463848813,167.57115766167544,69.15725759012517,0.0,-8728.196909627743,True,1.0,1000,82.59342509687112,-5.31647796169481,-12.090096941434073,1.0744376161179876e+18,5.987454136399795,289.38862443803515,79.17506962596283,115.64873201191007,40.75072895715405,27.6962933944832,23.83328298763367
1000,2282,2282,21,2.2,2026-07-16 09:14:56.528610,-45.03876463848813,167.57115766167544,69.15725759012517,0.0,-8728.196909627743,True,1.0,1000,82.46170063011584,-5.312986440502405,-12.225312929381749,1.0755594497779873e+18,5.987756280199645,289.3848004879534,79.1731180615773,115.63625274287874,40.76122208255979,27.685589994635905,23.84680483527871
